N1,M1,AGARBATTI & DHOOPBATTI,310.0786100072676
N1,M1,ALL AIR FRESHNERS(01/03),-160.4845005660551
N1,M1,ALL IODISED SALT,2808.1123795939666
N1,M1,ANTACIDS,1249.436896316009
N1,M1,ANTISEPTIC LIQUIDS (4/97),-19.14198563277747
N1,M1,BATTERIES,8555.808636657617
N1,M1,BEVERAGES,789.2027024982001
N1,M1,BISCUITS - CORE & NON CORE,109188.51214772621
N1,M1,BLUES,39.56324656865624
N1,M1,BREAKFAST CEREALS,6705.364067509312
N1,M1,BUTTER MARGR  (4/94),44822.81952575797
N1,M1,CHEESE        (4/94),19885.551230905257
N1,M1,CHOCOLATE,75885.14644870537
N1,M1,CLEANERS - FLOOR,1246.0177723723
N1,M1,CLEANERS - TOILET,170.44669057034739
N1,M1,CLEANERS - UTENSIL,7654.944384023049
N1,M1,COCONUT OIL PKTYP (08/02),11096.486780817886
N1,M1,COFFEE,3051.5161354330507
N1,M1,CONFECTIONERY - COUGH LOZENGE,1161.4165035718252
N1,M1,CONFECTIONERY - ECLAIRS,5352.9339010872645
N1,M1,CONFECTIONERY - LOLLIPOP/FMR,1401.7630655006415
N1,M1,CONFECTIONERY - TOFFEE/HBC,5511.090359200508
N1,M1,CONFECTIONERY - TOTAL GUM,5173.794349839589
N1,M1,DETERGENT CAKES/BARS,8563.623739875677
N1,M1,DIAPERS       (8/93),19593.881946861045
N1,M1,"FRAGRANCE-PERFUM,DEO & COLOGNE",1695.9441485782645
N1,M1,GLUCOSE POWDER & TABLET,198.1805501912033
N1,M1,HAIR CONDITIONERS,1538.8329253491793
N1,M1,HAIR DYES     (1/76),984.8103738204533
N1,M1,HAIR OILS PKTP(8/02),3730.745184013945
N1,M1,HAIR REMOVER,-77.86740875604279
N1,M1,HOME INSECTICIDES CTG  (8/93),-1991.2723778259983
N1,M1,JAMS/JELLY/MARMALADES-CTG,1748.515578010764
N1,M1,KETCHUPS/SAUCES,4528.336911938212
N1,M1,LIQUID TOILET SOAPS  (8/93),15.122058324786593
N1,M1,MILK POWDERS,898.0826449593865
N1,M1,MOSQUITO REPELLANTS CTG (8/93),-474.05078512423614
N1,M1,NON-REFINED OILS   (9/93),1100.7682126104144
N1,M1,PACKAGED ATTA (1/95),33922.372505699735
N1,M1,PACKAGED PURE GHEE,39558.27145780945
N1,M1,PACKAGED TEA,42310.61121853325
N1,M1,PRE-POST WASH PRODUCTS,961.3614435454002
N1,M1,PRICKLY HEAT POWDER,98.57145598244445
N1,M1,READY TO EAT,359.5440076602745
N1,M1,REFINED EDIBLE OILS-ALL PACKS,64959.064660124015
N1,M1,RUBEFACIENT,52.43000315391609
N1,M1,SALTY SNACKS (2/97),28642.581489940298
N1,M1,SANITARY NAPKINS,959.2712454049731
N1,M1,SCOURING PADS/SCRUBS,62.27604015762138
N1,M1,SHAMPOO - BY SEGMENTS,5471.119279218448
N1,M1,SKIN CREAMS,1223.3164299974767
N1,M1,SOAP CAKES/BARS,334.39153407981996
N1,M1,SPICES (03/04),17834.180826817
N1,M1,SQSH CRDLS & SFT DRNK-CONVERTD,7345.584212018764
N1,M1,TALCUM POWDERS,3266.6515437255903
N1,M1,TOILET SOAPS (04/00),2152.4275928560983
N1,M1,TOOTH BRUSH   (7/93),357.90140374042875
N1,M1,TOOTH PASTES,3520.256331517971
N1,M1,TWIN BLADES,169.3955438938787
N1,M1,VANASPATI CONS PACK (8/94),5113.752563309962
N1,M1,VERMICELLI & NOODLE,35053.737665465385
N1,M1,WASHING POWDERS/LIQUIDS,41824.15549916819
N1,M2,AGARBATTI & DHOOPBATTI,-9.053445471976502
N1,M2,ALL IODISED SALT,311.8135398587081
N1,M2,BEVERAGES,109.69147952287314
N1,M2,BISCUITS - CORE & NON CORE,15411.790189007854
N1,M2,BLUES,39.56324656865624
N1,M2,BREAKFAST CEREALS,1114.1729421604318
N1,M2,BUTTER MARGR  (4/94),24737.908144073823
N1,M2,CHEESE        (4/94),13293.26195092635
N1,M2,CHOCOLATE,9691.319046651224
N1,M2,CLEANERS - FLOOR,81.40393772502287
N1,M2,CLEANERS - TOILET,403.56551800212645
N1,M2,CLEANERS - UTENSIL,589.8865323435444
N1,M2,COCONUT OIL PKTYP (08/02),510.5272421231666
N1,M2,CONFECTIONERY - COUGH LOZENGE,52.40663184795034
N1,M2,CONFECTIONERY - LOLLIPOP/FMR,87.60809653866102
N1,M2,CONFECTIONERY - TOFFEE/HBC,92.41760469864926
N1,M2,CONFECTIONERY - TOTAL GUM,110.65821652926823
N1,M2,DETERGENT CAKES/BARS,1094.148857257457
N1,M2,DIAPERS       (8/93),2980.7851882791465
N1,M2,GLUCOSE POWDER & TABLET,-19.09169296592203
N1,M2,HAIR DYES     (1/76),523.8808934354105
N1,M2,HAIR OILS PKTP(8/02),1431.362092732176
N1,M2,JAMS/JELLY/MARMALADES-CTG,4403.937386503699
N1,M2,KETCHUPS/SAUCES,11544.18532701269
N1,M2,LIQUID TOILET SOAPS  (8/93),279.76908130866565
N1,M2,MILK POWDERS,41.763991456490785
N1,M2,OTHER SCOURERS,-56.3183113186636
N1,M2,PACKAGED ATTA (1/95),1343.5866950057236
N1,M2,PACKAGED PURE GHEE,14920.024794701154
N1,M2,PACKAGED TEA,6643.281429874955
N1,M2,PALMOLEIN REFINED OIL (01/03),7326.899717715926
N1,M2,PRE-POST WASH PRODUCTS,-196.46544902482566
N1,M2,PRICKLY HEAT POWDER,15.510842320556666
N1,M2,READY TO EAT,100.13795486795942
N1,M2,REFINED EDIBLE OILS-ALL PACKS,57769.125063316926
N1,M2,SALTY SNACKS (2/97),3263.342368433741
N1,M2,SANITARY NAPKINS,368.3102984567982
N1,M2,SKIN CREAMS,496.9977682054401
N1,M2,SPICES (03/04),5570.751902248728
N1,M2,SQSH CRDLS & SFT DRNK-CONVERTD,5696.362115145809
N1,M2,TALCUM POWDERS,41.58368192373215
N1,M2,TOILET SOAPS (04/00),186.57979904232877
N1,M2,TOOTH PASTES,4293.826434152519
N1,M2,TWIN BLADES,531.3445002911764
N1,M2,VANASPATI CONS PACK (8/94),334.12877204203176
N1,M2,VERMICELLI & NOODLE,10533.457757742002
N1,M2,WASHING POWDERS/LIQUIDS,11646.812177644966
N1,M3,AGARBATTI & DHOOPBATTI,20.37818509556974
N1,M3,ALL IODISED SALT,951.6133563544461
N1,M3,ANTACIDS,1442.3312517945878
N1,M3,BABY FOODS,2263.0135205183146
N1,M3,BATTERIES,7095.595406874279
N1,M3,BEVERAGES,6141.73968369055
N1,M3,BISCUITS - CORE & NON CORE,75300.19959017294
N1,M3,BLUES,100.48008656430147
N1,M3,BREAKFAST CEREALS,1894.2292885768002
N1,M3,BUTTER MARGR  (4/94),43405.10583644947
N1,M3,CHEESE        (4/94),19278.0496185543
N1,M3,CHOCOLATE,29106.74006804557
N1,M3,CLEANERS - FLOOR,1831.737671501418
N1,M3,CLEANERS - GLASS,218.458480361782
N1,M3,CLEANERS - TOILET,85.22334528517369
N1,M3,CLEANERS - UTENSIL,1001.0692592814803
N1,M3,COCONUT OIL PKTYP (08/02),3268.0696038459037
N1,M3,COFFEE,10916.785672064492
N1,M3,CONFECTIONERY - COUGH LOZENGE,714.6166424806786
N1,M3,CONFECTIONERY - LOLLIPOP/FMR,506.2622320548499
N1,M3,CONFECTIONERY - TOFFEE/HBC,2174.096714855674
N1,M3,CONFECTIONERY - TOTAL GUM,2648.9898551304295
N1,M3,DETERGENT CAKES/BARS,5129.237198878302
N1,M3,DIAPERS       (8/93),5334.88682581787
N1,M3,"FRAGRANCE-PERFUM,DEO & COLOGNE",1490.5792266954136
N1,M3,GLUCOSE POWDER & TABLET,-14.06756323804781
N1,M3,HAIR CONDITIONERS,164.25744811040994
N1,M3,HAIR DYES     (1/76),715.4374722664064
N1,M3,HAIR OILS PKTP(8/02),-30.531999223585586
N1,M3,HOME INSECTICIDES CTG  (8/93),-187.78724461404187
N1,M3,JAMS/JELLY/MARMALADES-CTG,2994.6305257906665
N1,M3,KETCHUPS/SAUCES,4330.8839260126415
N1,M3,LIQUID TOILET SOAPS  (8/93),55.57177309315723
N1,M3,MOSQUITO REPELLANTS CTG (8/93),-120.57788821959952
N1,M3,NON-REFINED OILS   (9/93),129.2526373656179
N1,M3,PACKAGED ATTA (1/95),9660.792449244072
N1,M3,PACKAGED PURE GHEE,25066.72374356645
N1,M3,PACKAGED RICE (1/95),221.02554553807485
N1,M3,PACKAGED TEA,48759.24319119044
N1,M3,PALMOLEIN REFINED OIL (01/03),2261.995809990553
N1,M3,PRE-POST WASH PRODUCTS,776.4548627257627
N1,M3,PRICKLY HEAT POWDER,294.6437175113163
N1,M3,READY TO EAT,1378.0739956174764
N1,M3,REFINED EDIBLE OILS-ALL PACKS,81749.48555556618
N1,M3,RUBEFACIENT,145.6762236355655
N1,M3,SAFETY RAZOR BLADES,277.00006044513367
N1,M3,SALTY SNACKS (2/97),29168.516003527675
N1,M3,SANITARY NAPKINS,316.04108902334247
N1,M3,SHAMPOO - BY SEGMENTS,2457.230430522148
N1,M3,SKIN CREAMS,1050.8488363791666
N1,M3,SPICES (03/04),8423.077102752704
N1,M3,SQSH CRDLS & SFT DRNK-CONVERTD,2246.3214824684082
N1,M3,TALCUM POWDERS,547.5251366123827
N1,M3,TOILET SOAPS (04/00),2530.227147596368
N1,M3,TOOTH BRUSH   (7/93),127.68308256548701
N1,M3,TOOTH PASTES,6871.788263758726
N1,M3,TWIN BLADES,49.026749539598086
N1,M3,VANASPATI CONS PACK (8/94),6247.2542601465575
N1,M3,VERMICELLI & NOODLE,23077.737765662816
N1,M3,WASHING POWDERS/LIQUIDS,18918.93968672162
N10,M1,AGARBATTI & DHOOPBATTI,44.29694428675251
N10,M1,ALL IODISED SALT,2004.9031856641054
N10,M1,ANTACIDS,876.2460800145507
N10,M1,BATTERIES,1442.9089148168343
N10,M1,BISCUITS - CORE & NON CORE,37897.922840613086
N10,M1,BREAKFAST CEREALS,606.9704823386376
N10,M1,BUTTER MARGR  (4/94),22136.22720250894
N10,M1,CHEESE        (4/94),12431.46416379513
N10,M1,CHOCOLATE,3473.0919187533896
N10,M1,CLEANERS - FLOOR,3887.5801201601403
N10,M1,CLEANERS - UTENSIL,1574.3158710233615
N10,M1,COFFEE,4399.210791361715
N10,M1,CONFECTIONERY - TOFFEE/HBC,413.12682169686514
N10,M1,DETERGENT CAKES/BARS,96.60914084956644
N10,M1,KETCHUPS/SAUCES,2306.517100951647
N10,M1,LIQUID TOILET SOAPS  (8/93),1748.0537276514344
N10,M1,MILK POWDERS,1441.391301374488
N10,M1,NON-REFINED OILS   (9/93),408.8717500163978
N10,M1,PACKAGED ATTA (1/95),63479.04871355309
N10,M1,PACKAGED PURE GHEE,3073.1429347926114
N10,M1,PACKAGED TEA,17261.135381945358
N10,M1,PRE-POST WASH PRODUCTS,1027.3702272946255
N10,M1,READY TO EAT,784.7886610988877
N10,M1,REFINED EDIBLE OILS-ALL PACKS,44534.84516913133
N10,M1,SALTY SNACKS (2/97),7564.880360904033
N10,M1,SCOURING PADS/SCRUBS,29.108054888699684
N10,M1,SHAVING PREPARATIONS,16.43335972430819
N10,M1,SPICES (03/04),9454.138392601451
N10,M1,SQSH CRDLS & SFT DRNK-CONVERTD,138.8860257975162
N10,M1,TOILET SOAPS (04/00),-102.97660246984158
N10,M1,TOOTH BRUSH   (7/93),101.32062409527376
N10,M1,TOOTH PASTES,1340.2498971985347
N10,M1,VANASPATI CONS PACK (8/94),334.12877204203176
N10,M1,VERMICELLI & NOODLE,4454.059428807923
N10,M1,WASHING POWDERS/LIQUIDS,3862.6285601469517
N10,M2,AGARBATTI & DHOOPBATTI,1038.1153884465907
N10,M2,ALL IODISED SALT,126590.10826584038
N10,M2,ANTACIDS,1662.7821613419883
N10,M2,BATTERIES,228.8191604765105
N10,M2,BEVERAGES,8193.199828226814
N10,M2,BISCUITS - CORE & NON CORE,122247.03065306936
N10,M2,BREAKFAST CEREALS,5885.166001415983
N10,M2,BUTTER MARGR  (4/94),73387.27058512466
N10,M2,CHEESE        (4/94),33109.17949052522
N10,M2,CHOCOLATE,68127.72113048434
N10,M2,CLEANERS - FLOOR,6383.4473714047335
N10,M2,CLEANERS - TOILET,186.01805672201047
N10,M2,CLEANERS - UTENSIL,13120.944458235512
N10,M2,COCONUT OIL PKTYP (08/02),5047.088708874276
N10,M2,COFFEE,9741.468799776136
N10,M2,DETERGENT CAKES/BARS,526.7256281870366
N10,M2,HAIR OILS PKTP(8/02),861.171647498799
N10,M2,JAMS/JELLY/MARMALADES-CTG,4776.069575027184
N10,M2,KETCHUPS/SAUCES,9061.678878592467
N10,M2,LIQUID TOILET SOAPS  (8/93),1275.2097714418878
N10,M2,MILK POWDERS,9918.9935235012
N10,M2,NON-REFINED OILS   (9/93),-906.8731341768705
N10,M2,PACKAGED ATTA (1/95),75603.34365873551
N10,M2,PACKAGED PURE GHEE,112822.72956505354
N10,M2,PACKAGED RICE (1/95),-153.575056601104
N10,M2,PACKAGED TEA,104812.167451216
N10,M2,PALMOLEIN REFINED OIL (01/03),40467.99088203987
N10,M2,PRE-POST WASH PRODUCTS,2487.183704137602
N10,M2,READY TO EAT,3540.591025850222
N10,M2,REFINED EDIBLE OILS-ALL PACKS,166128.00402092273
N10,M2,SALTY SNACKS (2/97),37555.623055265954
N10,M2,SCOURING PADS/SCRUBS,510.4394034873202
N10,M2,SKIN CREAMS,117.35841131237983
N10,M2,SOAP CAKES/BARS,4186.460540852334
N10,M2,SPICES (03/04),11012.679701288054
N10,M2,SQSH CRDLS & SFT DRNK-CONVERTD,805.1568826811916
N10,M2,TOILET SOAPS (04/00),515.7628379090874
N10,M2,TOOTH PASTES,2867.1267521960917
N10,M2,VANASPATI CONS PACK (8/94),334.12877204203176
N10,M2,VERMICELLI & NOODLE,14758.418823635417
N10,M2,WASHING POWDERS/LIQUIDS,45973.588939346635
N10,M3,AGARBATTI & DHOOPBATTI,3363.5545726121654
N10,M3,ALL IODISED SALT,3720.1668724333827
N10,M3,ANTACIDS,1137.2899706241496
N10,M3,BEVERAGES,2683.0824839785587
N10,M3,BISCUITS - CORE & NON CORE,80194.0444558604
N10,M3,BREAKFAST CEREALS,4045.3076679456153
N10,M3,BUTTER MARGR  (4/94),40199.152456376585
N10,M3,CHEESE        (4/94),18005.13310491597
N10,M3,CHOCOLATE,27422.060331025135
N10,M3,CLEANERS - FLOOR,227.07312319999548
N10,M3,CLEANERS - GLASS,83.5505862197735
N10,M3,CLEANERS - TOILET,483.6772856040052
N10,M3,CLEANERS - UTENSIL,3089.013972752278
N10,M3,COCONUT OIL PKTYP (08/02),510.5272421231666
N10,M3,COFFEE,33724.579943724246
N10,M3,CONFECTIONERY - ECLAIRS,527.5720278036864
N10,M3,DETERGENT CAKES/BARS,251.73215135011148
N10,M3,JAMS/JELLY/MARMALADES-CTG,155.64419778362063
N10,M3,KETCHUPS/SAUCES,7556.447452078687
N10,M3,LIQUID TOILET SOAPS  (8/93),781.1142927386824
N10,M3,MILK POWDERS,1598.94951416094
N10,M3,NON-REFINED OILS   (9/93),256.81205614429354
N10,M3,PACKAGED ATTA (1/95),53912.25137796176
N10,M3,PACKAGED PURE GHEE,47749.339765518365
N10,M3,PACKAGED RICE (1/95),-185.67282183894864
N10,M3,PACKAGED TEA,91638.55179732987
N10,M3,PALMOLEIN REFINED OIL (01/03),13954.54492420086
N10,M3,PRE-POST WASH PRODUCTS,1245.217646453344
N10,M3,READY TO EAT,647.5152631310707
N10,M3,REFINED EDIBLE OILS-ALL PACKS,58982.077826139524
N10,M3,SALTY SNACKS (2/97),25582.64223346873
N10,M3,SCOURING PADS/SCRUBS,1695.4476669100513
N10,M3,SHAVING PREPARATIONS,-38.47616395875335
N10,M3,SKIN CREAMS,369.3096042863413
N10,M3,SOAP CAKES/BARS,11913.99339084051
N10,M3,SPICES (03/04),17877.894438037976
N10,M3,SQSH CRDLS & SFT DRNK-CONVERTD,131.01960271743263
N10,M3,TOILET SOAPS (04/00),70.5379245502082
N10,M3,TOOTH PASTES,2908.377456321216
N10,M3,VERMICELLI & NOODLE,10853.255385020748
N10,M3,WASHING POWDERS/LIQUIDS,31178.03927038501
N2,M1,AGARBATTI & DHOOPBATTI,3578.878618698709
N2,M1,ALL AIR FRESHNERS(01/03),1490.4633030554794
N2,M1,ALL IODISED SALT,1055.3491505462584
N2,M1,ANTACIDS,3315.8042528030883
N2,M1,BATTERIES,10477.226174723342
N2,M1,BEVERAGES,-1350.8836629711773
N2,M1,BISCUITS - CORE & NON CORE,145685.85265751526
N2,M1,BLUES,-486.57870863452223
N2,M1,BREAKFAST CEREALS,1575.3546429427115
N2,M1,BUTTER MARGR  (4/94),60063.11626029666
N2,M1,CHEESE        (4/94),41781.49789358782
N2,M1,CHOCOLATE,58605.88243316932
N2,M1,CLEANERS - FLOOR,2736.290026330309
N2,M1,CLEANERS - TOILET,1730.0259868430057
N2,M1,CLEANERS - UTENSIL,9388.801831272587
N2,M1,COCONUT OIL PKTYP (08/02),3119.187705602517
N2,M1,COFFEE,318984.65311794094
N2,M1,CONFECTIONERY - TOFFEE/HBC,827.74669051562
N2,M1,DETERGENT CAKES/BARS,58.29464555117362
N2,M1,"FRAGRANCE-PERFUM,DEO & COLOGNE",-183.79489710950142
N2,M1,GLUCOSE POWDER & TABLET,20.186968191515387
N2,M1,HAIR DYES     (1/76),2066.4349062118263
N2,M1,HAIR OILS PKTP(8/02),425.59221274198717
N2,M1,HOME INSECTICIDES CTG  (8/93),-542.0721794277008
N2,M1,JAMS/JELLY/MARMALADES-CTG,3374.248129493752
N2,M1,KETCHUPS/SAUCES,6018.37241450916
N2,M1,LIQUID TOILET SOAPS  (8/93),2358.9617666419213
N2,M1,MILK POWDERS,51230.78239558984
N2,M1,MOSQUITO REPELLANTS CTG (8/93),5021.870025911018
N2,M1,NON-REFINED OILS   (9/93),875.7546391775994
N2,M1,OTHER SCOURERS,687.4072822973905
N2,M1,PACKAGED ATTA (1/95),17870.272486330145
N2,M1,PACKAGED PURE GHEE,12850.631489378355
N2,M1,PACKAGED RICE (1/95),563.5669439549782
N2,M1,PACKAGED TEA,1136477.9644618612
N2,M1,PRE-POST WASH PRODUCTS,6443.969174796917
N2,M1,PRICKLY HEAT POWDER,226.63338926344187
N2,M1,READY TO EAT,728.1471994138299
N2,M1,REFINED EDIBLE OILS-ALL PACKS,43946.829752672034
N2,M1,SALTY SNACKS (2/97),31011.49354125046
N2,M1,SANITARY NAPKINS,666.8113935348194
N2,M1,SCOURING PADS/SCRUBS,205.51763927318143
N2,M1,SHAMPOO - BY SEGMENTS,43.279167318897834
N2,M1,SHAVING PREPARATIONS,-677.1624804750904
N2,M1,SHOE POLISHES,-144.00834753737857
N2,M1,SKIN CREAMS,334.32650221772417
N2,M1,SPICES (03/04),4849.909680704545
N2,M1,SQSH CRDLS & SFT DRNK-CONVERTD,7666.761965738389
N2,M1,SUGAR SUBSTITUTE (11/05),707.9710557121138
N2,M1,TALCUM POWDERS,85.97941312043423
N2,M1,TOILET SOAPS (04/00),1749.3645156609298
N2,M1,TOOTH BRUSH   (7/93),214.0037598975781
N2,M1,TOOTH PASTES,325.7464230013279
N2,M1,TOOTH POWDERS,-87.61956335825667
N2,M1,VERMICELLI & NOODLE,3762.1721915367716
N2,M1,WASHING POWDERS/LIQUIDS,55634.47565871258
N2,M2,AGARBATTI & DHOOPBATTI,1707.7766227282818
N2,M2,ALL AIR FRESHNERS(01/03),953.7779695635218
N2,M2,ALL IODISED SALT,807.0737683164734
N2,M2,ANTACIDS,3315.8042528030883
N2,M2,BATTERIES,8384.554739718576
N2,M2,BEVERAGES,861.1277557546701
N2,M2,BISCUITS - CORE & NON CORE,126761.03684873575
N2,M2,BREAKFAST CEREALS,1510.3978664542205
N2,M2,BUTTER MARGR  (4/94),32320.613313671434
N2,M2,CHEESE        (4/94),14552.728875757057
N2,M2,CHOCOLATE,5767.823236552058
N2,M2,CLEANERS - FLOOR,2397.9068969125333
N2,M2,CLEANERS - GLASS,113.91591269362354
N2,M2,CLEANERS - TOILET,621.3675835210578
N2,M2,CLEANERS - UTENSIL,2624.97645387058
N2,M2,COCONUT OIL PKTYP (08/02),510.5272421231666
N2,M2,COFFEE,413215.03745820926
N2,M2,GLUCOSE POWDER & TABLET,-100.63508078845463
N2,M2,HAIR OILS PKTP(8/02),5752.858507497468
N2,M2,HOME INSECTICIDES CTG  (8/93),-2070.366644596322
N2,M2,JAMS/JELLY/MARMALADES-CTG,1034.1433965977808
N2,M2,KETCHUPS/SAUCES,6163.861898303854
N2,M2,LIQUID TOILET SOAPS  (8/93),1524.1873297967918
N2,M2,MILK POWDERS,61165.315884905234
N2,M2,MOSQUITO REPELLANTS CTG (8/93),-80.28408552169492
N2,M2,NON-REFINED OILS   (9/93),-214.03385941391343
N2,M2,OTHER SCOURERS,-105.0087679839595
N2,M2,PACKAGED ATTA (1/95),16917.421985486726
N2,M2,PACKAGED PURE GHEE,9538.428976565741
N2,M2,PACKAGED RICE (1/95),124.25569766758207
N2,M2,PACKAGED TEA,893821.4077539102
N2,M2,PRE-POST WASH PRODUCTS,6458.40327483418
N2,M2,PRICKLY HEAT POWDER,129.5242823092654
N2,M2,READY TO EAT,803.221001413376
N2,M2,REFINED EDIBLE OILS-ALL PACKS,26156.11888377953
N2,M2,SALTY SNACKS (2/97),15987.992235805645
N2,M2,SHAMPOO - BY SEGMENTS,429.7317834604464
N2,M2,SHAVING PREPARATIONS,4.866154799365194
N2,M2,SPICES (03/04),8931.818733441103
N2,M2,SQSH CRDLS & SFT DRNK-CONVERTD,3878.184930047273
N2,M2,SUGAR SUBSTITUTE (11/05),-132.3390381910139
N2,M2,TALCUM POWDERS,547.5251366123827
N2,M2,TOILET SOAPS (04/00),857.2159116396666
N2,M2,TOOTH BRUSH   (7/93),26.14553295356069
N2,M2,TOOTH PASTES,2537.292513136115
N2,M2,TOOTH POWDERS,-254.76346970417939
N2,M2,VERMICELLI & NOODLE,616.4612710641591
N2,M2,WASHING POWDERS/LIQUIDS,47925.247241779674
N2,M3,AGARBATTI & DHOOPBATTI,816.6306670128282
N2,M3,ALL AIR FRESHNERS(01/03),977.6963203602329
N2,M3,ALL IODISED SALT,807.0737683164734
N2,M3,ANTACIDS,3315.8042528030883
N2,M3,ANTISEPTIC LIQUIDS (4/97),66.01120835073006
N2,M3,BATTERIES,15427.759040500818
N2,M3,BEVERAGES,-1777.0374313288723
N2,M3,BISCUITS - CORE & NON CORE,85589.44828629331
N2,M3,BREAKFAST CEREALS,3636.1896233913935
N2,M3,BUTTER MARGR  (4/94),84379.89338811662
N2,M3,CHEESE        (4/94),46049.57746987512
N2,M3,CHOCOLATE,2589.329205036195
N2,M3,CLEANERS - FLOOR,6309.429637190216
N2,M3,CLEANERS - GLASS,113.91591269362354
N2,M3,CLEANERS - TOILET,4064.861551643272
N2,M3,CLEANERS - UTENSIL,7191.398385434926
N2,M3,COCONUT OIL PKTYP (08/02),6947.216582185158
N2,M3,COFFEE,199106.54476830794
N2,M3,CONFECTIONERY - LOLLIPOP/FMR,131.41214480799152
N2,M3,DETERGENT CAKES/BARS,2685.1519959405005
N2,M3,DIGESTIVES,952.571827302365
N2,M3,"FRAGRANCE-PERFUM,DEO & COLOGNE",1457.6794163549876
N2,M3,GLUCOSE POWDER & TABLET,351.94392747451474
N2,M3,HAIR CONDITIONERS,1865.4232934330612
N2,M3,HAIR OILS PKTP(8/02),252.0571380757516
N2,M3,HOME INSECTICIDES CTG  (8/93),-2395.1985765370227
N2,M3,JAMS/JELLY/MARMALADES-CTG,3562.4692360764257
N2,M3,KETCHUPS/SAUCES,4952.049197345727
N2,M3,LIQUID TOILET SOAPS  (8/93),5196.612230185081
N2,M3,MILK POWDERS,24864.045426728026
N2,M3,MOSQUITO REPELLANTS CTG (8/93),-51.03768024516728
N2,M3,NON-REFINED OILS   (9/93),1348.6928988420707
N2,M3,OLIVE OILS,8662.971610216566
N2,M3,OTHER SCOURERS,256.2488557883735
N2,M3,PACKAGED ATTA (1/95),37525.89522624354
N2,M3,PACKAGED PURE GHEE,28322.11438399955
N2,M3,PACKAGED RICE (1/95),-1406.6825403186979
N2,M3,PACKAGED TEA,529195.8365024228
N2,M3,PRE-POST WASH PRODUCTS,2345.3089837072166
N2,M3,READY TO EAT,903.0008981795476
N2,M3,REFINED EDIBLE OILS-ALL PACKS,45024.882234908
N2,M3,SALTY SNACKS (2/97),35889.12899105862
N2,M3,SANITARY NAPKINS,2000.4341806044583
N2,M3,SCOURING PADS/SCRUBS,205.51763927318143
N2,M3,SHAMPOO - BY SEGMENTS,21728.22394425396
N2,M3,SHAVING PREPARATIONS,76.06827634144804
N2,M3,SHOE POLISHES,-674.3521614717224
N2,M3,SKIN CREAMS,58.671142200841004
N2,M3,SPICES (03/04),9080.640826200424
N2,M3,SQSH CRDLS & SFT DRNK-CONVERTD,814.7491050406122
N2,M3,SUGAR SUBSTITUTE (11/05),139.70245903893596
N2,M3,TALCUM POWDERS,326.7756679345763
N2,M3,TOILET SOAPS (04/00),5720.665732224649
N2,M3,TOOTH BRUSH   (7/93),166.11767122978938
N2,M3,TOOTH PASTES,8763.556537380256
N2,M3,TOOTH POWDERS,-106.90976166506773
N2,M3,VERMICELLI & NOODLE,3973.7747216362477
N2,M3,WASHING POWDERS/LIQUIDS,107430.65868461755
N3,M1,AGARBATTI & DHOOPBATTI,1443.3344432739113
N3,M1,ALL AIR FRESHNERS(01/03),277.85482742735434
N3,M1,ALL IODISED SALT,2803.5290661490935
N3,M1,ANTACIDS,203.9325933021036
N3,M1,ANTISEPTIC LIQUIDS (4/97),5534.866397462527
N3,M1,BATTERIES,228.8191604765105
N3,M1,BEVERAGES,2792.9493251294207
N3,M1,BISCUITS - CORE & NON CORE,68906.58920194142
N3,M1,BLUES,346.56470190988534
N3,M1,BREAKFAST CEREALS,673.4402178834517
N3,M1,BUTTER MARGR  (4/94),65744.30879087072
N3,M1,CHEESE        (4/94),12948.342695119003
N3,M1,CHOCOLATE,15550.726884456924
N3,M1,CLEANERS - FLOOR,1832.1531181395328
N3,M1,CLEANERS - TOILET,540.8672654993505
N3,M1,CLEANERS - UTENSIL,7429.694694669332
N3,M1,COCONUT OIL PKTYP (08/02),16192.160581893535
N3,M1,COFFEE,62430.342179587096
N3,M1,CONFECTIONERY - COUGH LOZENGE,46.0478973844083
N3,M1,CONFECTIONERY - ECLAIRS,1871.4276320659521
N3,M1,CONFECTIONERY - LOLLIPOP/FMR,35.21561561318846
N3,M1,DETERGENT CAKES/BARS,5578.592817760414
N3,M1,"FRAGRANCE-PERFUM,DEO & COLOGNE",148.90574393898848
N3,M1,GLUCOSE POWDER & TABLET,53.98881412281578
N3,M1,HAIR CONDITIONERS,768.6541329119898
N3,M1,HAIR DYES     (1/76),298.33584972975905
N3,M1,HAIR OILS PKTP(8/02),110.97394372808517
N3,M1,HOME INSECTICIDES CTG  (8/93),-685.6197460232606
N3,M1,JAMS/JELLY/MARMALADES-CTG,369.3936241477737
N3,M1,KETCHUPS/SAUCES,8310.657753681913
N3,M1,LIQUID TOILET SOAPS  (8/93),4246.108630548907
N3,M1,MILK POWDERS,1548.753225597683
N3,M1,MOSQUITO REPELLANTS CTG (8/93),-275.244191267575
N3,M1,NON-REFINED OILS   (9/93),1283.562328799775
N3,M1,PACKAGED ATTA (1/95),9866.229419280899
N3,M1,PACKAGED PURE GHEE,37697.070744532895
N3,M1,PACKAGED TEA,68708.65175943253
N3,M1,PRE-POST WASH PRODUCTS,2966.3426682182367
N3,M1,PRICKLY HEAT POWDER,266.5432538496143
N3,M1,READY TO EAT,1784.4667664165913
N3,M1,REFINED EDIBLE OILS-ALL PACKS,101167.3286446996
N3,M1,RUBEFACIENT,21.53507248105397
N3,M1,SALTY SNACKS (2/97),11655.66318356935
N3,M1,SANITARY NAPKINS,2033.6724773947467
N3,M1,SCOURING PADS/SCRUBS,153.42311424930497
N3,M1,SHAMPOO - BY SEGMENTS,3135.526295233182
N3,M1,SKIN CREAMS,-447.0187133956214
N3,M1,SPICES (03/04),13644.75131578286
N3,M1,SQSH CRDLS & SFT DRNK-CONVERTD,2460.7433930278607
N3,M1,TALCUM POWDERS,76.69633821290131
N3,M1,TOILET SOAPS (04/00),5257.042773619946
N3,M1,TOOTH BRUSH   (7/93),51.56210648703336
N3,M1,TOOTH PASTES,9780.155920267931
N3,M1,VANASPATI CONS PACK (8/94),15607.166366909041
N3,M1,VERMICELLI & NOODLE,18719.329712349074
N3,M1,WASHING POWDERS/LIQUIDS,127536.87526819145
N3,M2,AGARBATTI & DHOOPBATTI,928.265107417247
N3,M2,ALL AIR FRESHNERS(01/03),88.04824272226591
N3,M2,ALL IODISED SALT,2574.2875103008555
N3,M2,ANTACIDS,1401.7382707323895
N3,M2,ANTISEPTIC LIQUIDS (4/97),790.3790172444453
N3,M2,BATTERIES,4104.455179007114
N3,M2,BEVERAGES,3037.4852682552923
N3,M2,BISCUITS - CORE & NON CORE,51704.24021187301
N3,M2,BREAKFAST CEREALS,1514.6776248306455
N3,M2,BUTTER MARGR  (4/94),60666.967174805366
N3,M2,CHEESE        (4/94),11265.337275783071
N3,M2,CHOCOLATE,17080.45609756976
N3,M2,CLEANERS - FLOOR,679.4630877659317
N3,M2,CLEANERS - TOILET,85.412441845874
N3,M2,CLEANERS - UTENSIL,12817.304247162587
N3,M2,COCONUT OIL PKTYP (08/02),22402.029023793155
N3,M2,COFFEE,2739.6651013268743
N3,M2,CONFECTIONERY - COUGH LOZENGE,104.81326369590067
N3,M2,CONFECTIONERY - TOFFEE/HBC,159.51907158773355
N3,M2,DETERGENT CAKES/BARS,10249.816821070774
N3,M2,GLUCOSE POWDER & TABLET,-140.37712367803775
N3,M2,HAIR CONDITIONERS,4303.046808395752
N3,M2,HAIR DYES     (1/76),198.58218977897874
N3,M2,HAIR OILS PKTP(8/02),194.5053381640351
N3,M2,HOME INSECTICIDES CTG  (8/93),-632.5088810773442
N3,M2,JAMS/JELLY/MARMALADES-CTG,1109.9177212745376
N3,M2,KETCHUPS/SAUCES,4119.283563023762
N3,M2,LIQUID TOILET SOAPS  (8/93),1842.796025340263
N3,M2,MOSQUITO REPELLANTS CTG (8/93),-49.46367133182798
N3,M2,NON-REFINED OILS   (9/93),3513.926428504833
N3,M2,OTHER SCOURERS,-45.50524901251123
N3,M2,PACKAGED ATTA (1/95),14860.016676943676
N3,M2,PACKAGED PURE GHEE,36656.53029993588
N3,M2,PACKAGED TEA,52764.18755842919
N3,M2,PALMOLEIN REFINED OIL (01/03),8784.073549545312
N3,M2,PRE-POST WASH PRODUCTS,506.37764687633273
N3,M2,PRICKLY HEAT POWDER,82.35545093844401
N3,M2,READY TO EAT,1229.3552864820047
N3,M2,REFINED EDIBLE OILS-ALL PACKS,110867.22908595638
N3,M2,RUBEFACIENT,44.2568133989017
N3,M2,SALTY SNACKS (2/97),8248.153330640933
N3,M2,SCOURING PADS/SCRUBS,437.7163872383087
N3,M2,SHAMPOO - BY SEGMENTS,1977.9647959751321
N3,M2,SKIN CREAMS,390.12826938329584
N3,M2,SOAP CAKES/BARS,832.4269679867391
N3,M2,SPICES (03/04),8935.349653371699
N3,M2,SQSH CRDLS & SFT DRNK-CONVERTD,654.0785779110054
N3,M2,TALCUM POWDERS,253.6010301870182
N3,M2,TOILET SOAPS (04/00),5388.706952967601
N3,M2,TOOTH BRUSH   (7/93),51.56210648703336
N3,M2,TOOTH PASTES,9467.509065279437
N3,M2,VANASPATI CONS PACK (8/94),10176.240516327198
N3,M2,VERMICELLI & NOODLE,34476.6677430211
N3,M2,WASHING POWDERS/LIQUIDS,36498.32032663891
N3,M3,AGARBATTI & DHOOPBATTI,610.3784389092848
N3,M3,ALL AIR FRESHNERS(01/03),-231.167937279796
N3,M3,ALL IODISED SALT,512.9461741590329
N3,M3,ANTISEPTIC LIQUIDS (4/97),345.0723577884542
N3,M3,BATTERIES,5526.968655529879
N3,M3,BEVERAGES,4814.194136989653
N3,M3,BISCUITS - CORE & NON CORE,23903.494020333248
N3,M3,BREAKFAST CEREALS,128.39284560759933
N3,M3,BUTTER MARGR  (4/94),21145.657859184805
N3,M3,CHEESE        (4/94),6377.470384586762
N3,M3,CHOCOLATE,5567.767464087385
N3,M3,CLEANERS - FLOOR,1387.8082266205986
N3,M3,CLEANERS - TOILET,443.260395687323
N3,M3,CLEANERS - UTENSIL,6392.404148922853
N3,M3,COCONUT OIL PKTYP (08/02),1481.5363863819161
N3,M3,COFFEE,22519.875484800457
N3,M3,DETERGENT CAKES/BARS,6338.066555952931
N3,M3,HAIR CONDITIONERS,768.6541329119898
N3,M3,HAIR DYES     (1/76),225.94078203849358
N3,M3,HAIR OILS PKTP(8/02),125.13667462997905
N3,M3,HOME INSECTICIDES CTG  (8/93),-463.3235207544
N3,M3,JAMS/JELLY/MARMALADES-CTG,553.0368961200602
N3,M3,KETCHUPS/SAUCES,9221.108840968474
N3,M3,MILK POWDERS,41.763991456490785
N3,M3,MOSQUITO REPELLANTS CTG (8/93),-98.92734266365596
N3,M3,NON-REFINED OILS   (9/93),207.3683797202681
N3,M3,PACKAGED ATTA (1/95),5249.171275797029
N3,M3,PACKAGED PURE GHEE,40598.421579129405
N3,M3,PACKAGED TEA,41206.37575979526
N3,M3,PRE-POST WASH PRODUCTS,61.222900943388794
N3,M3,READY TO EAT,2805.3378788067143
N3,M3,REFINED EDIBLE OILS-ALL PACKS,39618.58607990395
N3,M3,SALTY SNACKS (2/97),3867.482533555981
N3,M3,SANITARY NAPKINS,413.9907467533628
N3,M3,SCOURING PADS/SCRUBS,280.6489943667413
N3,M3,SHAMPOO - BY SEGMENTS,2119.7147229145153
N3,M3,SKIN CREAMS,-5.499056719396805
N3,M3,SPICES (03/04),2355.1890647627497
N3,M3,SQSH CRDLS & SFT DRNK-CONVERTD,656.3247626905943
N3,M3,TOILET SOAPS (04/00),623.6737719063253
N3,M3,TOOTH PASTES,3108.5346893627907
N3,M3,TWIN BLADES,338.7910877877574
N3,M3,VANASPATI CONS PACK (8/94),668.968719786359
N3,M3,VERMICELLI & NOODLE,10120.670944943036
N3,M3,WASHING POWDERS/LIQUIDS,17883.98041423143
N4,M1,AFTER SHAVE LOTIONS,-263.3833073899026
N4,M1,AGARBATTI & DHOOPBATTI,174.82661541219346
N4,M1,ALL AIR FRESHNERS(01/03),62.04000159621165
N4,M1,ALL IODISED SALT,191.77556875111964
N4,M1,ANTISEPTIC LIQUIDS (4/97),501.2761175328376
N4,M1,BATTERIES,630.0124230899727
N4,M1,BEVERAGES,272.76258388237784
N4,M1,BISCUITS - CORE & NON CORE,153827.2722787531
N4,M1,BREAKFAST CEREALS,82.0148576967107
N4,M1,CHOCOLATE,17149.372908268586
N4,M1,CHYAVANPRASH,-295.4151174864079
N4,M1,CLEANERS - FLOOR,2642.6500015661045
N4,M1,CLEANERS - GLASS,134.90789414200847
N4,M1,CLEANERS - TOILET,1683.3801905376292
N4,M1,CLEANERS - UTENSIL,16765.495494043105
N4,M1,COCONUT OIL PKTYP (08/02),54897.54590799941
N4,M1,COFFEE,4281.73496424422
N4,M1,CONFECTIONERY - ECLAIRS,12584.607250669791
N4,M1,DETERGENT CAKES/BARS,47000.5702671711
N4,M1,HAIR CONDITIONERS,27.73430668570515
N4,M1,HAIR DYES     (1/76),4094.803865813002
N4,M1,HAIR OILS PKTP(8/02),13572.858867486744
N4,M1,HOME INSECTICIDES CTG  (8/93),-416.03776495454076
N4,M1,JAMS/JELLY/MARMALADES-CTG,2863.6966548055893
N4,M1,KETCHUPS/SAUCES,2087.215297677693
N4,M1,LIQUID TOILET SOAPS  (8/93),2336.390270778454
N4,M1,MOSQUITO REPELLANTS CTG (8/93),2823.1245489908906
N4,M1,PACKAGED TEA,56705.734678187095
N4,M1,PRE-POST WASH PRODUCTS,4101.8603508872875
N4,M1,PRICKLY HEAT POWDER,1626.663007854047
N4,M1,REFINED EDIBLE OILS-ALL PACKS,2159.118556368116
N4,M1,RUBEFACIENT,409.2038728330281
N4,M1,SALTY SNACKS (2/97),9882.66195833457
N4,M1,SANITARY NAPKINS,1279.036364792313
N4,M1,SCOURING PADS/SCRUBS,3348.5501352158635
N4,M1,SHAMPOO - BY SEGMENTS,3724.912848171225
N4,M1,SHAVING PREPARATIONS,70.2801694064163
N4,M1,SKIN CREAMS,12313.0115823058
N4,M1,SOAP CAKES/BARS,6640.74838056244
N4,M1,SQSH CRDLS & SFT DRNK-CONVERTD,145.98378506389247
N4,M1,SUGAR SUBSTITUTE (11/05),-94.37397332632749
N4,M1,TALCUM POWDERS,5427.375219016133
N4,M1,TOILET SOAPS (04/00),20546.766009287283
N4,M1,TOOTH BRUSH   (7/93),1271.3586976721604
N4,M1,TOOTH PASTES,23486.719452873393
N4,M1,TOOTH POWDERS,-70.37428928558538
N4,M1,TWIN BLADES,18.795492823451188
N4,M1,VERMICELLI & NOODLE,5284.52174141867
N4,M1,WASHING POWDERS/LIQUIDS,122262.47284213427
N4,M2,AGARBATTI & DHOOPBATTI,292.9816506764567
N4,M2,ALL AIR FRESHNERS(01/03),-862.5982688254586
N4,M2,ALL IODISED SALT,1560.6629891214193
N4,M2,ANTISEPTIC LIQUIDS (4/97),12.584102150777596
N4,M2,BATTERIES,5703.939645727618
N4,M2,BEVERAGES,3679.1461057456554
N4,M2,BISCUITS - CORE & NON CORE,175215.3769499426
N4,M2,BREAKFAST CEREALS,6.45672552604406
N4,M2,CHOCOLATE,18569.36611266938
N4,M2,CHYAVANPRASH,-1411.0299636947211
N4,M2,CLEANERS - FLOOR,3403.445460918353
N4,M2,CLEANERS - GLASS,517.136521003111
N4,M2,CLEANERS - TOILET,2020.9161618502114
N4,M2,CLEANERS - UTENSIL,21390.84873481232
N4,M2,COCONUT OIL PKTYP (08/02),45493.25535076316
N4,M2,COFFEE,776.389514723233
N4,M2,CONFECTIONERY - ECLAIRS,3800.778934184368
N4,M2,CONFECTIONERY - TOFFEE/HBC,1768.0288615268385
N4,M2,DETERGENT CAKES/BARS,42305.56594798117
N4,M2,"FRAGRANCE-PERFUM,DEO & COLOGNE",1317.0139233926195
N4,M2,HAIR CONDITIONERS,2026.4802947739809
N4,M2,HAIR DYES     (1/76),1692.9478586554687
N4,M2,HAIR OILS PKTP(8/02),5264.217789405435
N4,M2,HOME INSECTICIDES CTG  (8/93),-1121.3557812887082
N4,M2,JAMS/JELLY/MARMALADES-CTG,0.8760843328381362
N4,M2,KETCHUPS/SAUCES,1267.0874721598645
N4,M2,LIQUID TOILET SOAPS  (8/93),903.9006674016039
N4,M2,MOSQUITO REPELLANTS CTG (8/93),151.3470171974921
N4,M2,PACKAGED TEA,34928.497457015306
N4,M2,PRE-POST WASH PRODUCTS,2710.0950029183787
N4,M2,PRICKLY HEAT POWDER,1423.9682696433508
N4,M2,REFINED EDIBLE OILS-ALL PACKS,1079.559278184058
N4,M2,RUBEFACIENT,451.7666908728527
N4,M2,SALTY SNACKS (2/97),8763.689030525315
N4,M2,SANITARY NAPKINS,1930.3814337545248
N4,M2,SCOURING PADS/SCRUBS,5095.400749476905
N4,M2,SHAMPOO - BY SEGMENTS,7345.528699369328
N4,M2,SHAVING PREPARATIONS,4.109433668841778
N4,M2,SKIN CREAMS,4068.670239608724
N4,M2,SOAP CAKES/BARS,13789.190117763605
N4,M2,SQSH CRDLS & SFT DRNK-CONVERTD,362.6582620906674
N4,M2,TALCUM POWDERS,5147.651257230596
N4,M2,TOILET SOAPS (04/00),31934.82458104085
N4,M2,TOOTH BRUSH   (7/93),890.9713303556182
N4,M2,TOOTH PASTES,32510.60578706437
N4,M2,TOOTH POWDERS,-89.67613820075825
N4,M2,VERMICELLI & NOODLE,6852.533594786219
N4,M2,WASHING POWDERS/LIQUIDS,165380.6353126386
N4,M3,AGARBATTI & DHOOPBATTI,1452.854040907327
N4,M3,ALL AIR FRESHNERS(01/03),-457.31666025316594
N4,M3,ALL IODISED SALT,2207.603332300892
N4,M3,ANTACIDS,1103.6407755280966
N4,M3,ANTISEPTIC LIQUIDS (4/97),283.4013557578655
N4,M3,BEVERAGES,5453.126546108753
N4,M3,BISCUITS - CORE & NON CORE,235406.51068292526
N4,M3,BLUES,254.69449600549035
N4,M3,BREAKFAST CEREALS,428.6312631090107
N4,M3,CHOCOLATE,25586.29908328363
N4,M3,CHYAVANPRASH,-1411.0299636947211
N4,M3,CLEANERS - FLOOR,6936.223781476578
N4,M3,CLEANERS - TOILET,2886.33789889814
N4,M3,CLEANERS - UTENSIL,63531.18384696383
N4,M3,COCONUT OIL PKTYP (08/02),46393.09257403526
N4,M3,COFFEE,11593.11910646154
N4,M3,CONFECTIONERY - ECLAIRS,8049.767521766057
N4,M3,CONFECTIONERY - TOFFEE/HBC,26.054382730698187
N4,M3,DETERGENT CAKES/BARS,65475.92203121435
N4,M3,"FRAGRANCE-PERFUM,DEO & COLOGNE",1613.5172123360562
N4,M3,GLUCOSE POWDER & TABLET,285.7900973024319
N4,M3,HAIR CONDITIONERS,675.0396124148218
N4,M3,HAIR DYES     (1/76),15369.4873076355
N4,M3,HAIR OILS PKTP(8/02),14103.180864951204
N4,M3,HAIR REMOVER,-125.58663484476335
N4,M3,HOME INSECTICIDES CTG  (8/93),-2617.7150216881323
N4,M3,JAMS/JELLY/MARMALADES-CTG,1324.5432319715287
N4,M3,KETCHUPS/SAUCES,2503.0347737599136
N4,M3,LIQUID TOILET SOAPS  (8/93),1511.9668566085097
N4,M3,MOSQUITO REPELLANTS CTG (8/93),-637.3306075420226
N4,M3,PACKAGED TEA,96587.71519112137
N4,M3,PRE-POST WASH PRODUCTS,7553.191105522123
N4,M3,PRICKLY HEAT POWDER,562.172608313965
N4,M3,REFINED EDIBLE OILS-ALL PACKS,5397.79639092029
N4,M3,RUBEFACIENT,195.66387066116317
N4,M3,SAFETY RAZOR BLADES,279.5119096987638
N4,M3,SALTY SNACKS (2/97),7595.901784373854
N4,M3,SANITARY NAPKINS,4089.957832731201
N4,M3,SCOURING PADS/SCRUBS,1776.879616016407
N4,M3,SHAMPOO - BY SEGMENTS,38182.843744909886
N4,M3,SHAVING PREPARATIONS,-98.5541039345518
N4,M3,SKIN CREAMS,8575.696039358934
N4,M3,SOAP CAKES/BARS,10240.910105708053
N4,M3,SPICES (03/04),17.2501103602624
N4,M3,SUGAR SUBSTITUTE (11/05),24.24602043825267
N4,M3,TALCUM POWDERS,6741.53321531238
N4,M3,TOILET SOAPS (04/00),38161.51914184733
N4,M3,TOOTH BRUSH   (7/93),750.8932769971276
N4,M3,TOOTH PASTES,39804.215790312206
N4,M3,TOOTH POWDERS,3.572193631530922
N4,M3,TWIN BLADES,62.57208386264354
N4,M3,VERMICELLI & NOODLE,16376.392266343075
N4,M3,WASHING POWDERS/LIQUIDS,125339.23924172537
N5,M1,AGARBATTI & DHOOPBATTI,409.06572795536334
N5,M1,ALL AIR FRESHNERS(01/03),-7.218725745076071
N5,M1,ALL IODISED SALT,161.65003050720316
N5,M1,ANTISEPTIC LIQUIDS (4/97),534.760258846301
N5,M1,BABY FOODS,5415.741158195489
N5,M1,BATTERIES,287.03171558966596
N5,M1,BEVERAGES,22845.77203715845
N5,M1,BISCUITS - CORE & NON CORE,86680.81928944084
N5,M1,BREAKFAST CEREALS,14.613592644412691
N5,M1,BUTTER MARGR  (4/94),5093.503596417831
N5,M1,CHOCOLATE,43167.48976663195
N5,M1,CLEANERS - FLOOR,1688.1221991251773
N5,M1,CLEANERS - GLASS,175.45292574101265
N5,M1,CLEANERS - TOILET,426.29676083178026
N5,M1,CLEANERS - UTENSIL,3091.0906908003544
N5,M1,COCONUT OIL PKTYP (08/02),14369.4059271594
N5,M1,COFFEE,6147.8133322680915
N5,M1,CONDOMS,176.56776889395283
N5,M1,CONFECTIONERY - COUGH LOZENGE,375.37473001212624
N5,M1,CONFECTIONERY - TOFFEE/HBC,5017.239953086749
N5,M1,DETERGENT CAKES/BARS,4217.097443866376
N5,M1,DIAPERS       (8/93),11259.176912813615
N5,M1,"FRAGRANCE-PERFUM,DEO & COLOGNE",4381.7215377179145
N5,M1,GLUCOSE POWDER & TABLET,697.7934152242257
N5,M1,HAIR CONDITIONERS,121.00042984430667
N5,M1,HAIR DYES     (1/76),4786.284187428815
N5,M1,HAIR OILS PKTP(8/02),2448.252573099089
N5,M1,HAIR REMOVER,-88.67967038048339
N5,M1,HOME INSECTICIDES CTG  (8/93),-1390.227064840774
N5,M1,JAMS/JELLY/MARMALADES-CTG,1314.610908047626
N5,M1,KETCHUPS/SAUCES,1054.300407792062
N5,M1,LIQUID TOILET SOAPS  (8/93),339.7078804175654
N5,M1,MILK FOODS,-98.8218297667781
N5,M1,MOSQUITO REPELLANTS CTG (8/93),-15.87952196651916
N5,M1,PACKAGED PURE GHEE,3507.838597427741
N5,M1,PACKAGED TEA,2823.989491147103
N5,M1,PRICKLY HEAT POWDER,147.37053606981675
N5,M1,REFINED EDIBLE OILS-ALL PACKS,1133.0930798579452
N5,M1,RUBEFACIENT,323.42352103852926
N5,M1,SALTY SNACKS (2/97),2878.1205681962483
N5,M1,SANITARY NAPKINS,7364.769762008233
N5,M1,SCOURING PADS/SCRUBS,-4.007623729471561
N5,M1,SHAMPOO - BY SEGMENTS,3909.7167046366103
N5,M1,SHAVING PREPARATIONS,-31.242988619236797
N5,M1,SKIN CREAMS,5050.333525483187
N5,M1,SPICES (03/04),238.57436530908555
N5,M1,SQSH CRDLS & SFT DRNK-CONVERTD,703.2638967260236
N5,M1,SUGAR SUBSTITUTE (11/05),321.19169918945175
N5,M1,TALCUM POWDERS,363.7166395783833
N5,M1,TOILET SOAPS (04/00),2200.607559207457
N5,M1,TOOTH BRUSH   (7/93),187.50607688197596
N5,M1,TOOTH PASTES,12294.66259872678
N5,M1,TOOTH POWDERS,-112.81941241961253
N5,M1,TWIN BLADES,637.2954810275473
N5,M1,VERMICELLI & NOODLE,19010.501288954718
N5,M1,WASHING POWDERS/LIQUIDS,10442.650521827656
N5,M2,AGARBATTI & DHOOPBATTI,2565.7681932341993
N5,M2,ALL AIR FRESHNERS(01/03),1352.6709309710577
N5,M2,ALL IODISED SALT,484.95009152160947
N5,M2,ANTACIDS,281.15797667882634
N5,M2,ANTISEPTIC LIQUIDS (4/97),394.7156733267446
N5,M2,BABY FOODS,4911.1446040569235
N5,M2,BABY OILS / MASSAGE OILS,-148.07720851828083
N5,M2,BATTERIES,2258.4559735204766
N5,M2,BEVERAGES,42581.75832294124
N5,M2,BISCUITS - CORE & NON CORE,185941.55677888458
N5,M2,BLUES,39.56324656865624
N5,M2,BREAKFAST CEREALS,2785.8754244805878
N5,M2,BUTTER MARGR  (4/94),17106.895780647737
N5,M2,CHEESE        (4/94),877.5412181324466
N5,M2,CHOCOLATE,51075.555401002
N5,M2,CLEANERS - FLOOR,5128.631649906449
N5,M2,CLEANERS - GLASS,56.18632201824697
N5,M2,CLEANERS - TOILET,511.7092026776543
N5,M2,CLEANERS - UTENSIL,3642.8461987203964
N5,M2,COCONUT OIL PKTYP (08/02),11373.64379930688
N5,M2,COFFEE,1459.2832415703158
N5,M2,CONDOMS,877.513480081944
N5,M2,CONFECTIONERY - ECLAIRS,4803.063266815153
N5,M2,CONFECTIONERY - TOFFEE/HBC,2994.8410147504915
N5,M2,DETERGENT CAKES/BARS,14606.196641050734
N5,M2,DIAPERS       (8/93),112101.33986761795
N5,M2,"FRAGRANCE-PERFUM,DEO & COLOGNE",19270.02751959969
N5,M2,GLUCOSE POWDER & TABLET,-154.92976725353572
N5,M2,HAIR CONDITIONERS,3198.86606557959
N5,M2,HAIR DYES     (1/76),10676.578799445238
N5,M2,HAIR OILS PKTP(8/02),4780.7306419915685
N5,M2,HAIR REMOVER,-185.9166931601975
N5,M2,HOME INSECTICIDES CTG  (8/93),-1550.6819275599069
N5,M2,JAMS/JELLY/MARMALADES-CTG,959.0865897063031
N5,M2,KETCHUPS/SAUCES,2514.453940264609
N5,M2,LIQUID TOILET SOAPS  (8/93),2779.380014466917
N5,M2,MILK FOODS,-62.94500322834124
N5,M2,MILK POWDERS,291.30544339214845
N5,M2,MOSQUITO REPELLANTS CTG (8/93),-368.9243417782794
N5,M2,NON-REFINED OILS   (9/93),-60.75916371249724
N5,M2,OLIVE OILS,-1554.3710180142268
N5,M2,PACKAGED PURE GHEE,18682.04054559258
N5,M2,PACKAGED TEA,41076.47817022033
N5,M2,PRE-POST WASH PRODUCTS,1343.1968445328894
N5,M2,PRICKLY HEAT POWDER,564.537985180853
N5,M2,REFINED EDIBLE OILS-ALL PACKS,3012.798767242972
N5,M2,RUBEFACIENT,678.5549763575567
N5,M2,SAFETY RAZOR BLADES,277.00006044513367
N5,M2,SALTY SNACKS (2/97),21763.437521540585
N5,M2,SANITARY NAPKINS,17487.219686010914
N5,M2,SCOURING PADS/SCRUBS,-8.015247458943122
N5,M2,SHAMPOO - BY SEGMENTS,41769.016307276106
N5,M2,SHAVING PREPARATIONS,-47.163082010970456
N5,M2,SHOE POLISHES,-187.45289579288743
N5,M2,SKIN CREAMS,14164.442402882874
N5,M2,SPICES (03/04),2681.1683686213446
N5,M2,SQSH CRDLS & SFT DRNK-CONVERTD,148.730235626254
N5,M2,TALCUM POWDERS,1817.676751274298
N5,M2,TOILET SOAPS (04/00),8681.00235045306
N5,M2,TOOTH BRUSH   (7/93),346.22155406724426
N5,M2,TOOTH PASTES,14952.908944060588
N5,M2,TOOTH POWDERS,-63.11469987373195
N5,M2,TWIN BLADES,784.6338986288742
N5,M2,VERMICELLI & NOODLE,48220.4122933918
N5,M2,WASHING POWDERS/LIQUIDS,26960.27062138294
N5,M3,AFTER SHAVE LOTIONS,-332.63838911186997
N5,M3,AGARBATTI & DHOOPBATTI,2895.305011570791
N5,M3,ALL AIR FRESHNERS(01/03),2424.676075029868
N5,M3,ALL IODISED SALT,418.09137713145356
N5,M3,ANTACIDS,1605.6708640344932
N5,M3,ANTISEPTIC CREAMS,-14.456047801267964
N5,M3,ANTISEPTIC LIQUIDS (4/97),1860.022084449732
N5,M3,BABY FOODS,15428.362701356446
N5,M3,BABY OILS / MASSAGE OILS,-1491.535474211384
N5,M3,BATTERIES,299.8465347993798
N5,M3,BEVERAGES,31907.06800662384
N5,M3,BISCUITS - CORE & NON CORE,225905.64920200704
N5,M3,BREAKFAST CEREALS,4794.61039693891
N5,M3,BUTTER MARGR  (4/94),37288.74232448337
N5,M3,CHEESE        (4/94),702.352568995956
N5,M3,CHOCOLATE,35255.306612923894
N5,M3,CHYAVANPRASH,-1432.3648411027411
N5,M3,CLEANERS - FLOOR,7243.264356808329
N5,M3,CLEANERS - GLASS,259.00351196078617
N5,M3,CLEANERS - TOILET,1358.4487476458921
N5,M3,CLEANERS - UTENSIL,10845.363773602148
N5,M3,COCONUT OIL PKTYP (08/02),28559.629957168956
N5,M3,COFFEE,8727.191657646186
N5,M3,CONFECTIONERY - ECLAIRS,4222.242562150643
N5,M3,CONFECTIONERY - TOFFEE/HBC,2018.475813818979
N5,M3,DETERGENT CAKES/BARS,7879.262538721843
N5,M3,DIAPERS       (8/93),87708.85666712833
N5,M3,DIGESTIVES,5084.862530263239
N5,M3,"FRAGRANCE-PERFUM,DEO & COLOGNE",14459.24858893999
N5,M3,GLUCOSE POWDER & TABLET,1970.114764633123
N5,M3,HAIR CONDITIONERS,5594.353090130757
N5,M3,HAIR DYES     (1/76),5922.010631103138
N5,M3,HAIR OILS PKTP(8/02),6318.605365811976
N5,M3,HAIR REMOVER,-75.6667345891978
N5,M3,HOME INSECTICIDES CTG  (8/93),-1307.0857450920087
N5,M3,JAMS/JELLY/MARMALADES-CTG,1800.0178636531446
N5,M3,KETCHUPS/SAUCES,2220.764812859498
N5,M3,LIQUID TOILET SOAPS  (8/93),677.8425306564016
N5,M3,MILK FOODS,502.99634946957786
N5,M3,MILK POWDERS,1416.7797046004641
N5,M3,MOSQUITO REPELLANTS CTG (8/93),-916.7424246066423
N5,M3,NON-REFINED OILS   (9/93),37.10113659901266
N5,M3,OLIVE OILS,-28.910671009523185
N5,M3,OTHER SCOURERS,-14.295100323312315
N5,M3,PACKAGED PURE GHEE,15125.938683129723
N5,M3,PACKAGED TEA,33652.02798603845
N5,M3,PRE-POST WASH PRODUCTS,1862.1281383501912
N5,M3,READY TO EAT,1144.7336206255986
N5,M3,REFINED EDIBLE OILS-ALL PACKS,2986.4504301083266
N5,M3,RUBEFACIENT,937.9593543110624
N5,M3,SAFETY RAZOR BLADES,73.6614903700807
N5,M3,SALTY SNACKS (2/97),22328.500385235802
N5,M3,SANITARY NAPKINS,13171.30430729702
N5,M3,SCOURING PADS/SCRUBS,-20.038118647357805
N5,M3,SHAMPOO - BY SEGMENTS,10057.211810542021
N5,M3,SHAVING PREPARATIONS,-19.85463800931109
N5,M3,SHOE POLISHES,-108.81701989108943
N5,M3,SKIN CREAMS,15520.634160471329
N5,M3,SPICES (03/04),1103.76738326211
N5,M3,SQSH CRDLS & SFT DRNK-CONVERTD,-65.29620172968016
N5,M3,SUGAR SUBSTITUTE (11/05),53.69906356285989
N5,M3,TALCUM POWDERS,3244.844619250803
N5,M3,TOILET SOAPS (04/00),10258.234053489363
N5,M3,TOOTH BRUSH   (7/93),790.9714807730996
N5,M3,TOOTH PASTES,21757.743918890847
N5,M3,TOOTH POWDERS,-160.86346964714534
N5,M3,TWIN BLADES,979.6451983066793
N5,M3,VERMICELLI & NOODLE,45848.39423255951
N5,M3,WASHING POWDERS/LIQUIDS,29758.681849776378
N6,M1,BISCUITS - CORE & NON CORE,8357.583153766394
N6,M1,BREAKFAST CEREALS,68.84141320188121
N6,M1,BUTTER MARGR  (4/94),2140.514981003668
N6,M1,CHEESE        (4/94),3517.883672533297
N6,M1,CHOCOLATE,1365.9002337280776
N6,M1,CLEANERS - TOILET,178.9239769207245
N6,M1,CLEANERS - UTENSIL,3546.5662481376326
N6,M1,COCONUT OIL PKTYP (08/02),1734.853094987205
N6,M1,DETERGENT CAKES/BARS,155.12301050054504
N6,M1,"FRAGRANCE-PERFUM,DEO & COLOGNE",1036.0333341238181
N6,M1,HAIR CONDITIONERS,832.4168741129289
N6,M1,HAIR DYES     (1/76),2337.153875925268
N6,M1,KETCHUPS/SAUCES,230.92818387314642
N6,M1,LIQUID TOILET SOAPS  (8/93),29.101565696056415
N6,M1,MILK POWDERS,730.5216239498216
N6,M1,PACKAGED ATTA (1/95),2266.7431040130678
N6,M1,PACKAGED PURE GHEE,623.1183935155495
N6,M1,PACKAGED TEA,7381.506191674436
N6,M1,PRE-POST WASH PRODUCTS,454.15931238004623
N6,M1,READY TO EAT,29.54062061674506
N6,M1,REFINED EDIBLE OILS-ALL PACKS,12124.00103852199
N6,M1,SALTY SNACKS (2/97),1270.2601177049478
N6,M1,SHAMPOO - BY SEGMENTS,209.44351288896465
N6,M1,SKIN CREAMS,58.671142200841004
N6,M1,SPICES (03/04),597.6940534385249
N6,M1,TOILET SOAPS (04/00),5276.2179987808395
N6,M1,TOOTH BRUSH   (7/93),387.4105514502432
N6,M1,TOOTH PASTES,2328.195668630607
N6,M1,VERMICELLI & NOODLE,873.7932012396453
N6,M1,WASHING POWDERS/LIQUIDS,9950.430202612817
N6,M2,ALL AIR FRESHNERS(01/03),-151.64904326272296
N6,M2,ALL IODISED SALT,399.1213310191464
N6,M2,ANTACIDS,635.7054584603336
N6,M2,ANTISEPTIC LIQUIDS (4/97),1644.8915601774759
N6,M2,BEVERAGES,1621.8947174519158
N6,M2,BISCUITS - CORE & NON CORE,26617.712552464713
N6,M2,BREAKFAST CEREALS,382.73965081819165
N6,M2,BUTTER MARGR  (4/94),16821.9337292782
N6,M2,CHEESE        (4/94),15587.137159217862
N6,M2,CHOCOLATE,5798.632380263992
N6,M2,CLEANERS - FLOOR,1625.3645160295198
N6,M2,CLEANERS - TOILET,539.7477180915503
N6,M2,CLEANERS - UTENSIL,7156.068056598923
N6,M2,COCONUT OIL PKTYP (08/02),1481.5363863819161
N6,M2,COFFEE,14474.039935718522
N6,M2,DETERGENT CAKES/BARS,7386.088270695346
N6,M2,HAIR CONDITIONERS,242.8832175532643
N6,M2,HAIR DYES     (1/76),397.6318995861967
N6,M2,HOME INSECTICIDES CTG  (8/93),-303.0472576293805
N6,M2,KETCHUPS/SAUCES,906.1195218148905
N6,M2,LIQUID TOILET SOAPS  (8/93),391.62756628913235
N6,M2,MOSQUITO REPELLANTS CTG (8/93),-196.56464255025747
N6,M2,NON-REFINED OILS   (9/93),1094.8486527100063
N6,M2,PACKAGED ATTA (1/95),18756.612150371104
N6,M2,PACKAGED PURE GHEE,1305.0701714030681
N6,M2,PACKAGED RICE (1/95),-250.09215789741768
N6,M2,PACKAGED TEA,38052.909607290625
N6,M2,PRE-POST WASH PRODUCTS,454.15931238004623
N6,M2,READY TO EAT,638.8740888887422
N6,M2,REFINED EDIBLE OILS-ALL PACKS,29751.8504744299
N6,M2,SALTY SNACKS (2/97),13901.966883312489
N6,M2,SANITARY NAPKINS,666.8113935348194
N6,M2,SHOE POLISHES,5.349804318550497
N6,M2,SPICES (03/04),5572.883941511473
N6,M2,SQSH CRDLS & SFT DRNK-CONVERTD,337.3131102673098
N6,M2,SUGAR SUBSTITUTE (11/05),-269.8493953826592
N6,M2,TOILET SOAPS (04/00),9312.86024381781
N6,M2,TOOTH BRUSH   (7/93),105.11550024479621
N6,M2,TOOTH PASTES,951.2785056095526
N6,M2,TWIN BLADES,113.31331613165293
N6,M2,VERMICELLI & NOODLE,11892.29196933459
N6,M2,WASHING POWDERS/LIQUIDS,12935.043774631897
N6,M3,AGARBATTI & DHOOPBATTI,305.1892194546424
N6,M3,ALL AIR FRESHNERS(01/03),-134.11829875239482
N6,M3,ALL IODISED SALT,966.9466881933115
N6,M3,ANTACIDS,1576.72036018938
N6,M3,ANTISEPTIC LIQUIDS (4/97),2313.513279231218
N6,M3,BEVERAGES,8164.053191027984
N6,M3,BISCUITS - CORE & NON CORE,81699.3894333147
N6,M3,BREAKFAST CEREALS,3783.93475325783
N6,M3,BUTTER MARGR  (4/94),70641.868145318
N6,M3,CHEESE        (4/94),28658.41816042154
N6,M3,CHOCOLATE,13784.13496965371
N6,M3,CLEANERS - FLOOR,4847.482406372275
N6,M3,CLEANERS - GLASS,526.3587772230379
N6,M3,CLEANERS - TOILET,7167.487043160728
N6,M3,CLEANERS - UTENSIL,15699.220060001438
N6,M3,COCONUT OIL PKTYP (08/02),6432.778962738243
N6,M3,COFFEE,46029.711949261495
N6,M3,CONFECTIONERY - ECLAIRS,1442.0333130511926
N6,M3,DETERGENT CAKES/BARS,4109.847422173631
N6,M3,DIAPERS       (8/93),7256.929108103747
N6,M3,"FRAGRANCE-PERFUM,DEO & COLOGNE",1920.1973749118497
N6,M3,HAIR CONDITIONERS,121.00042984430667
N6,M3,HAIR DYES     (1/76),882.57654950487
N6,M3,HAIR OILS PKTP(8/02),1464.4215618318276
N6,M3,HOME INSECTICIDES CTG  (8/93),-865.5309712687864
N6,M3,JAMS/JELLY/MARMALADES-CTG,4040.129185289345
N6,M3,KETCHUPS/SAUCES,2953.8085110210977
N6,M3,LIQUID TOILET SOAPS  (8/93),2451.6153999437356
N6,M3,MOSQUITO REPELLANTS CTG (8/93),-317.17341198441557
N6,M3,NON-REFINED OILS   (9/93),2406.0773998470463
N6,M3,OLIVE OILS,-300.902540481743
N6,M3,OTHER SCOURERS,25.64810042630432
N6,M3,PACKAGED ATTA (1/95),45045.22331815748
N6,M3,PACKAGED PURE GHEE,36314.42319503354
N6,M3,PACKAGED RICE (1/95),-436.4825125251918
N6,M3,PACKAGED TEA,94227.53980366813
N6,M3,PRE-POST WASH PRODUCTS,2501.8555528984166
N6,M3,READY TO EAT,6646.9682256888145
N6,M3,REFINED EDIBLE OILS-ALL PACKS,108265.83055190225
N6,M3,SALTY SNACKS (2/97),54804.020884800084
N6,M3,SANITARY NAPKINS,496.1728430625335
N6,M3,SCOURING PADS/SCRUBS,314.8804027228859
N6,M3,SHAMPOO - BY SEGMENTS,7573.696233434885
N6,M3,SHAVING PREPARATIONS,89.36192642120584
N6,M3,SKIN CREAMS,593.5888182761124
N6,M3,SPICES (03/04),18364.401992214218
N6,M3,TALCUM POWDERS,299.2289045375529
N6,M3,TOILET SOAPS (04/00),5239.881548839393
N6,M3,TOOTH BRUSH   (7/93),1521.232915228163
N6,M3,TOOTH PASTES,14067.142169553328
N6,M3,VERMICELLI & NOODLE,49807.81202884787
N6,M3,WASHING POWDERS/LIQUIDS,110067.54715843612
N7,M1,AGARBATTI & DHOOPBATTI,1489.9743342761676
N7,M1,ALL AIR FRESHNERS(01/03),-93.70003661897118
N7,M1,ALL IODISED SALT,6517.738513651724
N7,M1,ANTACIDS,1909.6041116930137
N7,M1,ANTISEPTIC LIQUIDS (4/97),172.5361788942271
N7,M1,BATTERIES,4730.246350582038
N7,M1,BEVERAGES,1056.9370834294432
N7,M1,BISCUITS - CORE & NON CORE,158062.3328725536
N7,M1,BLUES,79.12649313731248
N7,M1,BREAKFAST CEREALS,-19.444372279524593
N7,M1,BUTTER MARGR  (4/94),14567.161834670462
N7,M1,CHEESE        (4/94),1232.1665907810484
N7,M1,CHOCOLATE,29561.606029399187
N7,M1,CLEANERS - FLOOR,2453.8750271116983
N7,M1,CLEANERS - TOILET,585.9645868731671
N7,M1,CLEANERS - UTENSIL,8908.162821315784
N7,M1,COCONUT OIL PKTYP (08/02),25106.42903188556
N7,M1,COFFEE,20706.119735602377
N7,M1,CONFECTIONERY - ECLAIRS,61.290826426716194
N7,M1,CONFECTIONERY - LOLLIPOP/FMR,35.21561561318846
N7,M1,CONFECTIONERY - TOFFEE/HBC,989.7865163061635
N7,M1,CONFECTIONERY - TOTAL GUM,81.97800244582105
N7,M1,DETERGENT CAKES/BARS,13766.293324830776
N7,M1,DIAPERS       (8/93),2849.5933674100925
N7,M1,"FRAGRANCE-PERFUM,DEO & COLOGNE",606.3001881822671
N7,M1,GLUCOSE POWDER & TABLET,15.430731822813183
N7,M1,HAIR CONDITIONERS,620.744581634985
N7,M1,HAIR DYES     (1/76),2781.875938316369
N7,M1,HAIR OILS PKTP(8/02),46.8872068912045
N7,M1,HOME INSECTICIDES CTG  (8/93),-178.7150525079058
N7,M1,JAMS/JELLY/MARMALADES-CTG,1922.2811217841513
N7,M1,KETCHUPS/SAUCES,1249.5666787416808
N7,M1,LIQUID TOILET SOAPS  (8/93),-91.56665231316866
N7,M1,MILK POWDERS,168.20655369731827
N7,M1,MOSQUITO REPELLANTS CTG (8/93),14.174228970635362
N7,M1,NON-REFINED OILS   (9/93),1013.8445970265684
N7,M1,OTHER SCOURERS,25.64810042630432
N7,M1,PACKAGED ATTA (1/95),43858.73828145088
N7,M1,PACKAGED PURE GHEE,25433.859239774592
N7,M1,PACKAGED RICE (1/95),-772.1292169886079
N7,M1,PACKAGED TEA,76705.37914590683
N7,M1,PALMOLEIN REFINED OIL (01/03),2471.270117060359
N7,M1,PRE-POST WASH PRODUCTS,3792.5846776866915
N7,M1,PRICKLY HEAT POWDER,-17.863160588828322
N7,M1,READY TO EAT,2084.2964148800993
N7,M1,REFINED EDIBLE OILS-ALL PACKS,271176.3358339538
N7,M1,RUBEFACIENT,54.41420983987857
N7,M1,SAFETY RAZOR BLADES,226.3719824428673
N7,M1,SALTY SNACKS (2/97),18332.600090363536
N7,M1,SANITARY NAPKINS,167.96466773345128
N7,M1,SCOURING PADS/SCRUBS,3606.884579606638
N7,M1,SHAMPOO - BY SEGMENTS,15611.786893885104
N7,M1,SKIN CREAMS,1016.0463890510777
N7,M1,SOAP CAKES/BARS,1697.4634816094187
N7,M1,SPICES (03/04),38680.175357557964
N7,M1,SQSH CRDLS & SFT DRNK-CONVERTD,3785.5416366747213
N7,M1,TALCUM POWDERS,488.62719030368044
N7,M1,TOILET SOAPS (04/00),7852.672674264891
N7,M1,TOOTH BRUSH   (7/93),906.7952870111935
N7,M1,TOOTH PASTES,7410.5679596184455
N7,M1,TWIN BLADES,165.3099125855032
N7,M1,VANASPATI CONS PACK (8/94),1352.169783042275
N7,M1,VERMICELLI & NOODLE,20387.37049107739
N7,M1,WASHING POWDERS/LIQUIDS,100564.52241057913
N7,M2,AGARBATTI & DHOOPBATTI,4046.185626385445
N7,M2,ALL AIR FRESHNERS(01/03),-611.5809309547686
N7,M2,ALL IODISED SALT,11598.493854877517
N7,M2,ANTACIDS,297.6519188617124
N7,M2,ANTISEPTIC LIQUIDS (4/97),1338.8807482192024
N7,M2,BATTERIES,8552.745623907462
N7,M2,BEVERAGES,2243.0496003153066
N7,M2,BISCUITS - CORE & NON CORE,211928.28080409774
N7,M2,BLUES,336.0152251030711
N7,M2,BREAKFAST CEREALS,509.6760088300063
N7,M2,BUTTER MARGR  (4/94),18817.798346712036
N7,M2,CHEESE        (4/94),6001.974134745304
N7,M2,CHOCOLATE,24661.688414530065
N7,M2,CLEANERS - FLOOR,8708.175378242837
N7,M2,CLEANERS - GLASS,259.00351196078617
N7,M2,CLEANERS - TOILET,1161.5517879452123
N7,M2,CLEANERS - UTENSIL,22277.841639863815
N7,M2,COCONUT OIL PKTYP (08/02),53655.081288676934
N7,M2,COFFEE,25303.819331023635
N7,M2,CONFECTIONERY - ECLAIRS,2542.1927113875117
N7,M2,CONFECTIONERY - LOLLIPOP/FMR,70.43123122637692
N7,M2,CONFECTIONERY - TOFFEE/HBC,426.3784924955777
N7,M2,CONFECTIONERY - TOTAL GUM,93.26571162010474
N7,M2,DETERGENT CAKES/BARS,36304.24596812522
N7,M2,DIAPERS       (8/93),2016.5081311182098
N7,M2,"FRAGRANCE-PERFUM,DEO & COLOGNE",416.3606537513325
N7,M2,GLUCOSE POWDER & TABLET,8.496368717315951
N7,M2,HAIR CONDITIONERS,4296.784071322133
N7,M2,HAIR DYES     (1/76),2594.56969225394
N7,M2,HAIR OILS PKTP(8/02),537.5098634678571
N7,M2,HOME INSECTICIDES CTG  (8/93),-137.49482924543628
N7,M2,JAMS/JELLY/MARMALADES-CTG,3481.62910058752
N7,M2,KETCHUPS/SAUCES,3877.887030138544
N7,M2,LIQUID TOILET SOAPS  (8/93),1255.765503062794
N7,M2,MILK POWDERS,39.67579188366625
N7,M2,MOSQUITO REPELLANTS CTG (8/93),-76.95059401643498
N7,M2,NON-REFINED OILS   (9/93),1119.646366704972
N7,M2,OTHER SCOURERS,-2.9421002203203095
N7,M2,PACKAGED ATTA (1/95),68577.05495828042
N7,M2,PACKAGED PURE GHEE,88593.85295021131
N7,M2,PACKAGED RICE (1/95),397.47192699022986
N7,M2,PACKAGED TEA,93752.22123198642
N7,M2,PRE-POST WASH PRODUCTS,8763.809322689203
N7,M2,PRICKLY HEAT POWDER,527.3789186580285
N7,M2,READY TO EAT,7782.147868690742
N7,M2,REFINED EDIBLE OILS-ALL PACKS,345750.869197399
N7,M2,RUBEFACIENT,64.57160628085545
N7,M2,SAFETY RAZOR BLADES,-162.11129496308962
N7,M2,SALTY SNACKS (2/97),15171.215081125127
N7,M2,SANITARY NAPKINS,444.20843534734934
N7,M2,SCOURING PADS/SCRUBS,2051.2751997801583
N7,M2,SHAMPOO - BY SEGMENTS,10531.399187652829
N7,M2,SHAVING PREPARATIONS,-42.576554340592985
N7,M2,SHOE POLISHES,-71.55367617562199
N7,M2,SKIN CREAMS,3696.2438516572197
N7,M2,SOAP CAKES/BARS,913.4438948030236
N7,M2,SPICES (03/04),56100.004610839824
N7,M2,SQSH CRDLS & SFT DRNK-CONVERTD,429.12146862149615
N7,M2,TALCUM POWDERS,4210.338175458501
N7,M2,TOILET SOAPS (04/00),8975.194421124317
N7,M2,TOOTH BRUSH   (7/93),372.0760773092829
N7,M2,TOOTH PASTES,14528.921671787495
N7,M2,TOOTH POWDERS,-147.43304435953831
N7,M2,TWIN BLADES,405.50470272852857
N7,M2,VANASPATI CONS PACK (8/94),4135.607125029232
N7,M2,VERMICELLI & NOODLE,41346.66473207766
N7,M2,WASHING POWDERS/LIQUIDS,131464.59232315043
N7,M3,AGARBATTI & DHOOPBATTI,690.9854903198612
N7,M3,ALL AIR FRESHNERS(01/03),-756.4497945554692
N7,M3,ALL IODISED SALT,6653.046635892726
N7,M3,ANTACIDS,1675.482511040079
N7,M3,ANTISEPTIC LIQUIDS (4/97),614.2271835803635
N7,M3,BATTERIES,2692.87976184759
N7,M3,BEVERAGES,1122.3471417951823
N7,M3,BISCUITS - CORE & NON CORE,134599.57319023696
N7,M3,BLUES,153.50072767061457
N7,M3,BREAKFAST CEREALS,2685.493973682592
N7,M3,BUTTER MARGR  (4/94),13438.572022692217
N7,M3,CHEESE        (4/94),3819.681636748295
N7,M3,CHOCOLATE,14374.23219069326
N7,M3,CLEANERS - FLOOR,2793.983835266644
N7,M3,CLEANERS - TOILET,895.2376628262888
N7,M3,CLEANERS - UTENSIL,10895.579861981763
N7,M3,COCONUT OIL PKTYP (08/02),12833.04510387109
N7,M3,COFFEE,3061.3350725759365
N7,M3,CONFECTIONERY - ECLAIRS,1413.9030886714836
N7,M3,CONFECTIONERY - TOFFEE/HBC,422.6516231742406
N7,M3,CONFECTIONERY - TOTAL GUM,32.43472691767876
N7,M3,DETERGENT CAKES/BARS,51338.442793652444
N7,M3,DIAPERS       (8/93),2192.6516936834323
N7,M3,DIGESTIVES,930.1227386611295
N7,M3,"FRAGRANCE-PERFUM,DEO & COLOGNE",662.7180571379633
N7,M3,GLUCOSE POWDER & TABLET,9.882271618703415
N7,M3,HAIR CONDITIONERS,813.195515251853
N7,M3,HAIR DYES     (1/76),1778.0588271058596
N7,M3,HAIR OILS PKTP(8/02),1506.9477377278463
N7,M3,HOME INSECTICIDES CTG  (8/93),-260.69494601483296
N7,M3,JAMS/JELLY/MARMALADES-CTG,1795.3017019034044
N7,M3,KETCHUPS/SAUCES,2232.507348720852
N7,M3,LIQUID TOILET SOAPS  (8/93),1341.7001931052205
N7,M3,MILK POWDERS,289.87336279716504
N7,M3,NON-REFINED OILS   (9/93),493.84473242831024
N7,M3,PACKAGED ATTA (1/95),30369.974058557924
N7,M3,PACKAGED PURE GHEE,47357.602706316546
N7,M3,PACKAGED RICE (1/95),354.927446918181
N7,M3,PACKAGED TEA,49781.28997995796
N7,M3,PRE-POST WASH PRODUCTS,8389.133888900338
N7,M3,PRICKLY HEAT POWDER,40.152683013991116
N7,M3,READY TO EAT,2457.7579395472458
N7,M3,REFINED EDIBLE OILS-ALL PACKS,178842.51727606473
N7,M3,RUBEFACIENT,-8.982822062693806
N7,M3,SAFETY RAZOR BLADES,-66.36682692182515
N7,M3,SALTY SNACKS (2/97),11658.61029131195
N7,M3,SANITARY NAPKINS,117.08179327746521
N7,M3,SCOURING PADS/SCRUBS,795.1865862353908
N7,M3,SHAMPOO - BY SEGMENTS,4375.190207721567
N7,M3,SHAVING PREPARATIONS,-2.89990648028774
N7,M3,SKIN CREAMS,1381.6935199763889
N7,M3,SOAP CAKES/BARS,50.93648521392334
N7,M3,SPICES (03/04),27053.761475015883
N7,M3,TALCUM POWDERS,2200.8076704326204
N7,M3,TOILET SOAPS (04/00),1659.566194004498
N7,M3,TOOTH BRUSH   (7/93),595.8518363955432
N7,M3,TOOTH PASTES,11806.50476484418
N7,M3,TWIN BLADES,187.59720098419587
N7,M3,VANASPATI CONS PACK (8/94),2846.0233345396186
N7,M3,VERMICELLI & NOODLE,22080.51801040839
N7,M3,WASHING POWDERS/LIQUIDS,41144.94077913469
N8,M1,AFTER SHAVE LOTIONS,-332.63838911186997
N8,M1,ALL AIR FRESHNERS(01/03),310.0912425584029
N8,M1,ALL IODISED SALT,1113.2357501085378
N8,M1,BATTERIES,1408.192190233402
N8,M1,BEVERAGES,1781.4772318307587
N8,M1,BISCUITS - CORE & NON CORE,70853.57292987878
N8,M1,BUTTER MARGR  (4/94),7077.152974280305
N8,M1,CHEESE        (4/94),4702.272817896965
N8,M1,CLEANERS - FLOOR,2734.3791218659203
N8,M1,CLEANERS - TOILET,394.09379481035336
N8,M1,CLEANERS - UTENSIL,2544.3494932543877
N8,M1,COFFEE,12296.37395525199
N8,M1,CONFECTIONERY - ECLAIRS,680.4229138645464
N8,M1,"FRAGRANCE-PERFUM,DEO & COLOGNE",1090.435576656415
N8,M1,JAMS/JELLY/MARMALADES-CTG,839.3961108193762
N8,M1,KETCHUPS/SAUCES,1191.9085617786827
N8,M1,MILK POWDERS,4427.681612992085
N8,M1,NON-REFINED OILS   (9/93),698.1803453043328
N8,M1,OTHER SCOURERS,-249.0902498773663
N8,M1,PACKAGED ATTA (1/95),115418.92996009371
N8,M1,PACKAGED PURE GHEE,55664.42822047684
N8,M1,PACKAGED RICE (1/95),-252.89033600076735
N8,M1,PACKAGED TEA,26257.209888704758
N8,M1,REFINED EDIBLE OILS-ALL PACKS,23960.03285251096
N8,M1,SALTY SNACKS (2/97),19605.490160061894
N8,M1,SANITARY NAPKINS,152.17860052774122
N8,M1,SCOURING PADS/SCRUBS,108.52978457911833
N8,M1,SHAMPOO - BY SEGMENTS,503.5040431405127
N8,M1,SKIN CREAMS,914.9441920006811
N8,M1,SPICES (03/04),9282.316543134299
N8,M1,TOILET SOAPS (04/00),3327.444875559119
N8,M1,TOOTH BRUSH   (7/93),51.56210648703336
N8,M1,TOOTH PASTES,305.15805662095136
N8,M1,TWIN BLADES,306.56597304730315
N8,M1,VANASPATI CONS PACK (8/94),1845.538458135056
N8,M1,VERMICELLI & NOODLE,4535.3549232270925
N8,M1,WASHING POWDERS/LIQUIDS,17666.04977625585
N8,M2,AGARBATTI & DHOOPBATTI,951.9632251952905
N8,M2,ALL AIR FRESHNERS(01/03),-712.5173007744753
N8,M2,ALL IODISED SALT,567.5811692237336
N8,M2,ANTISEPTIC LIQUIDS (4/97),936.0839967447329
N8,M2,BEVERAGES,221.03181313487318
N8,M2,BISCUITS - CORE & NON CORE,80378.69550363667
N8,M2,BREAKFAST CEREALS,287.4916744896093
N8,M2,BUTTER MARGR  (4/94),19916.585153334247
N8,M2,CHEESE        (4/94),1877.2710568984307
N8,M2,CHOCOLATE,4024.6723369883557
N8,M2,CLEANERS - FLOOR,6959.196222123882
N8,M2,CLEANERS - TOILET,436.25225963882946
N8,M2,CLEANERS - UTENSIL,7481.571630407027
N8,M2,COCONUT OIL PKTYP (08/02),1481.5363863819161
N8,M2,COFFEE,43741.35531465833
N8,M2,CONFECTIONERY - ECLAIRS,1116.1365503794068
N8,M2,CONFECTIONERY - TOFFEE/HBC,1207.679649433745
N8,M2,DIAPERS       (8/93),111.91266422240378
N8,M2,"FRAGRANCE-PERFUM,DEO & COLOGNE",447.607772309945
N8,M2,HAIR CONDITIONERS,1900.9900331587405
N8,M2,HAIR REMOVER,18.34328152437312
N8,M2,HOME INSECTICIDES CTG  (8/93),-158.85900597527245
N8,M2,JAMS/JELLY/MARMALADES-CTG,839.3961108193762
N8,M2,KETCHUPS/SAUCES,628.5655584161823
N8,M2,LIQUID TOILET SOAPS  (8/93),273.6596098283102
N8,M2,MILK POWDERS,8856.115713565014
N8,M2,MOSQUITO REPELLANTS CTG (8/93),-403.7409853542189
N8,M2,NON-REFINED OILS   (9/93),874.6554463997284
N8,M2,PACKAGED ATTA (1/95),34226.454737639906
N8,M2,PACKAGED PURE GHEE,11466.91782434665
N8,M2,PACKAGED RICE (1/95),-60.88392952582389
N8,M2,PACKAGED TEA,48242.62918729393
N8,M2,READY TO EAT,2479.41791598669
N8,M2,REFINED EDIBLE OILS-ALL PACKS,18292.367490374236
N8,M2,RUBEFACIENT,165.81589154471024
N8,M2,SALTY SNACKS (2/97),21696.324868837604
N8,M2,SANITARY NAPKINS,323.6328586914296
N8,M2,SCOURING PADS/SCRUBS,1540.4024215675888
N8,M2,SHAMPOO - BY SEGMENTS,1939.015670688342
N8,M2,SHOE POLISHES,-40.055147355116354
N8,M2,SPICES (03/04),9559.461360779636
N8,M2,SUGAR SUBSTITUTE (11/05),66.82861160798059
N8,M2,TOILET SOAPS (04/00),1396.6363252387323
N8,M2,TOOTH PASTES,1377.1554023142305
N8,M2,VERMICELLI & NOODLE,44956.05540833958
N8,M2,WASHING POWDERS/LIQUIDS,21401.858067440528
N8,M3,AGARBATTI & DHOOPBATTI,3371.2165187943765
N8,M3,ALL AIR FRESHNERS(01/03),233.03526346513755
N8,M3,ALL IODISED SALT,1851.1373877315361
N8,M3,ANTACIDS,551.8203877640483
N8,M3,BATTERIES,2447.8366181153424
N8,M3,BEVERAGES,4058.8278216529357
N8,M3,BISCUITS - CORE & NON CORE,104985.05398748744
N8,M3,BREAKFAST CEREALS,19.099292617019728
N8,M3,BUTTER MARGR  (4/94),29963.423471504215
N8,M3,CHEESE        (4/94),7696.727665891688
N8,M3,CHOCOLATE,6299.104438838329
N8,M3,CLEANERS - FLOOR,5434.806444449117
N8,M3,CLEANERS - GLASS,420.2210789521963
N8,M3,CLEANERS - TOILET,595.5918620326979
N8,M3,CLEANERS - UTENSIL,3815.3385987404636
N8,M3,COCONUT OIL PKTYP (08/02),98.80111113496618
N8,M3,COFFEE,104729.09871690747
N8,M3,CONDOMS,917.8932769556862
N8,M3,DETERGENT CAKES/BARS,1936.2709418320233
N8,M3,DIGESTIVES,952.571827302365
N8,M3,"FRAGRANCE-PERFUM,DEO & COLOGNE",212.57252885149728
N8,M3,HAIR DYES     (1/76),1474.162539189135
N8,M3,HOME INSECTICIDES CTG  (8/93),-803.8255042760851
N8,M3,JAMS/JELLY/MARMALADES-CTG,1848.5699106408797
N8,M3,KETCHUPS/SAUCES,1330.2602881259168
N8,M3,MILK POWDERS,28563.945922451378
N8,M3,MOSQUITO REPELLANTS CTG (8/93),-172.32445858819466
N8,M3,NON-REFINED OILS   (9/93),1701.3915534483754
N8,M3,PACKAGED ATTA (1/95),235723.12191438812
N8,M3,PACKAGED PURE GHEE,125055.26394778145
N8,M3,PACKAGED TEA,169326.12417867754
N8,M3,PRE-POST WASH PRODUCTS,-34.837733904354906
N8,M3,READY TO EAT,406.4707356543919
N8,M3,REFINED EDIBLE OILS-ALL PACKS,56252.11469194493
N8,M3,SAFETY RAZOR BLADES,83.41473944046918
N8,M3,SALTY SNACKS (2/97),30488.99551741618
N8,M3,SANITARY NAPKINS,209.90151796929823
N8,M3,SCOURING PADS/SCRUBS,793.2360822412422
N8,M3,SHAMPOO - BY SEGMENTS,3032.9541346376627
N8,M3,SKIN CREAMS,358.63160992266637
N8,M3,SPICES (03/04),15767.801110032859
N8,M3,SQSH CRDLS & SFT DRNK-CONVERTD,240.75326525395144
N8,M3,TOILET SOAPS (04/00),1529.500931963555
N8,M3,TOOTH PASTES,2604.529549824669
N8,M3,VANASPATI CONS PACK (8/94),1373.840352895409
N8,M3,VERMICELLI & NOODLE,43418.64553273743
N8,M3,WASHING POWDERS/LIQUIDS,29969.044010263522
N9,M1,AGARBATTI & DHOOPBATTI,1187.8144291289836
N9,M1,ALL AIR FRESHNERS(01/03),7113.194943226374
N9,M1,ALL IODISED SALT,4520.146843508502
N9,M1,ANTISEPTIC LIQUIDS (4/97),4880.4022721726205
N9,M1,BATTERIES,7235.127672305076
N9,M1,BEVERAGES,373.94099964268776
N9,M1,BISCUITS - CORE & NON CORE,45566.024124282005
N9,M1,BREAKFAST CEREALS,3866.174947085812
N9,M1,BUTTER MARGR  (4/94),229264.94865128666
N9,M1,CHEESE        (4/94),135723.84095970227
N9,M1,CHOCOLATE,2489.3981736119877
N9,M1,CLEANERS - FLOOR,10243.768451940656
N9,M1,CLEANERS - GLASS,1137.6941696057856
N9,M1,CLEANERS - TOILET,7042.419442149081
N9,M1,CLEANERS - UTENSIL,20105.223355518418
N9,M1,COCONUT OIL PKTYP (08/02),28217.377513742387
N9,M1,COFFEE,86947.53949700193
N9,M1,CONFECTIONERY - ECLAIRS,1116.1365503794068
N9,M1,CONFECTIONERY - TOFFEE/HBC,1295.770293110274
N9,M1,DETERGENT CAKES/BARS,21020.663503118303
N9,M1,GLUCOSE POWDER & TABLET,192.12909389075833
N9,M1,HAIR CONDITIONERS,1398.38492905933
N9,M1,HAIR DYES     (1/76),174.2666256767143
N9,M1,HAIR OILS PKTP(8/02),6811.098603794746
N9,M1,HOME INSECTICIDES CTG  (8/93),-2310.070335225633
N9,M1,JAMS/JELLY/MARMALADES-CTG,36212.07485373473
N9,M1,KETCHUPS/SAUCES,5620.43102272473
N9,M1,LIQUID TOILET SOAPS  (8/93),2265.0474031112017
N9,M1,MILK POWDERS,2919.945274205776
N9,M1,MOSQUITO REPELLANTS CTG (8/93),126.73410262476513
N9,M1,NON-REFINED OILS   (9/93),6478.040566353417
N9,M1,OLIVE OILS,96.28502920808701
N9,M1,PACKAGED ATTA (1/95),170957.606458942
N9,M1,PACKAGED PURE GHEE,107599.38601708836
N9,M1,PACKAGED RICE (1/95),4440.497890203805
N9,M1,PACKAGED TEA,178423.69281537412
N9,M1,PRE-POST WASH PRODUCTS,11449.767118172182
N9,M1,PRICKLY HEAT POWDER,32.35476479050712
N9,M1,READY TO EAT,983.9441376122435
N9,M1,REFINED EDIBLE OILS-ALL PACKS,160472.41872018826
N9,M1,SALTY SNACKS (2/97),18532.720120997557
N9,M1,SCOURING PADS/SCRUBS,64.49724220630992
N9,M1,SHAMPOO - BY SEGMENTS,6240.573068715975
N9,M1,SHAVING PREPARATIONS,49.198610383823144
N9,M1,SKIN CREAMS,5752.172941888779
N9,M1,SPICES (03/04),50007.709630647325
N9,M1,SQSH CRDLS & SFT DRNK-CONVERTD,12323.488585333633
N9,M1,SUGAR SUBSTITUTE (11/05),-1044.270407162453
N9,M1,TALCUM POWDERS,-0.12668583698374292
N9,M1,TOILET SOAPS (04/00),13069.27197080164
N9,M1,TOOTH BRUSH   (7/93),491.05705627847414
N9,M1,TOOTH PASTES,6356.6306215350105
N9,M1,VANASPATI CONS PACK (8/94),1939.4905561286487
N9,M1,VERMICELLI & NOODLE,9628.704061813418
N9,M1,WASHING POWDERS/LIQUIDS,126040.34686326708
N9,M2,AGARBATTI & DHOOPBATTI,5230.2544025724255
N9,M2,ALL AIR FRESHNERS(01/03),2210.24497845382
N9,M2,ALL IODISED SALT,4306.770480916317
N9,M2,ANTACIDS,3315.8042528030883
N9,M2,ANTISEPTIC LIQUIDS (4/97),3116.528707068974
N9,M2,BATTERIES,5877.356189294188
N9,M2,BEVERAGES,-548.6021916986317
N9,M2,BISCUITS - CORE & NON CORE,46363.15886412702
N9,M2,BLUES,44.47046755651419
N9,M2,BREAKFAST CEREALS,3118.3044240081827
N9,M2,BUTTER MARGR  (4/94),160929.87342440704
N9,M2,CHEESE        (4/94),88664.93603777955
N9,M2,CHOCOLATE,4437.589274264614
N9,M2,CLEANERS - FLOOR,18612.86417605739
N9,M2,CLEANERS - GLASS,526.3587772230379
N9,M2,CLEANERS - TOILET,4418.579560272459
N9,M2,CLEANERS - UTENSIL,18968.74362202281
N9,M2,COCONUT OIL PKTYP (08/02),31088.2710855001
N9,M2,COFFEE,31179.74744811101
N9,M2,DETERGENT CAKES/BARS,9352.200118808587
N9,M2,DIGESTIVES,952.571827302365
N9,M2,"FRAGRANCE-PERFUM,DEO & COLOGNE",218.97978164337366
N9,M2,HAIR DYES     (1/76),55414.81694108818
N9,M2,HAIR OILS PKTP(8/02),20601.52748368592
N9,M2,HOME INSECTICIDES CTG  (8/93),-1381.4517533890403
N9,M2,KETCHUPS/SAUCES,8027.645286867894
N9,M2,LIQUID TOILET SOAPS  (8/93),2400.1448985828574
N9,M2,MILK POWDERS,678.3567984609411
N9,M2,MOSQUITO REPELLANTS CTG (8/93),5745.106087394158
N9,M2,NON-REFINED OILS   (9/93),15624.483150258939
N9,M2,OLIVE OILS,27321.073080291862
N9,M2,PACKAGED ATTA (1/95),170459.3329124898
N9,M2,PACKAGED PURE GHEE,162416.3583932757
N9,M2,PACKAGED RICE (1/95),-299.5609943011639
N9,M2,PACKAGED TEA,217574.05750454482
N9,M2,PRE-POST WASH PRODUCTS,8498.725661211134
N9,M2,READY TO EAT,7746.601814244233
N9,M2,REFINED EDIBLE OILS-ALL PACKS,208668.1389287736
N9,M2,RUBEFACIENT,105.13366472297058
N9,M2,SALTY SNACKS (2/97),13878.952561432796
N9,M2,SCOURING PADS/SCRUBS,1301.7129713498935
N9,M2,SHAMPOO - BY SEGMENTS,2235.2747218920804
N9,M2,SHAVING PREPARATIONS,16.43335972430819
N9,M2,SKIN CREAMS,3062.945496623115
N9,M2,SPICES (03/04),30209.646955908756
N9,M2,SQSH CRDLS & SFT DRNK-CONVERTD,8503.632159244224
N9,M2,SUGAR SUBSTITUTE (11/05),-110.38034764502777
N9,M2,TALCUM POWDERS,1340.8915829846324
N9,M2,TOILET SOAPS (04/00),18427.698855781033
N9,M2,TOOTH BRUSH   (7/93),866.1876630807162
N9,M2,TOOTH PASTES,27736.194405746017
N9,M2,VANASPATI CONS PACK (8/94),4187.373950715188
N9,M2,VERMICELLI & NOODLE,3756.578434322893
N9,M2,WASHING POWDERS/LIQUIDS,178261.21003692242
N9,M3,ALL IODISED SALT,149.67049913217988
N9,M3,ANTISEPTIC LIQUIDS (4/97),3557.3477864366137
N9,M3,BISCUITS - CORE & NON CORE,8833.900586564103
N9,M3,BREAKFAST CEREALS,53.833479198240994
N9,M3,BUTTER MARGR  (4/94),122078.26206278874
N9,M3,CHEESE        (4/94),92097.6668685869
N9,M3,CLEANERS - TOILET,1092.0437362703615
N9,M3,CLEANERS - UTENSIL,3369.4225805678193
N9,M3,COFFEE,13514.42752892419
N9,M3,DETERGENT CAKES/BARS,3796.0032708983426
N9,M3,KETCHUPS/SAUCES,17913.440206814023
N9,M3,PACKAGED ATTA (1/95),18136.270019630436
N9,M3,PACKAGED PURE GHEE,7120.291127958936
N9,M3,PACKAGED RICE (1/95),55.807371832750704
N9,M3,PACKAGED TEA,13964.344116308264
N9,M3,PRE-POST WASH PRODUCTS,4422.3683588399745
N9,M3,REFINED EDIBLE OILS-ALL PACKS,13010.525787540879
N9,M3,SALTY SNACKS (2/97),3946.8974439558356
N9,M3,SHAMPOO - BY SEGMENTS,388.2249616412713
N9,M3,SHAVING PREPARATIONS,-10.339745382263388
N9,M3,SKIN CREAMS,825.0778925986762
N9,M3,SPICES (03/04),2010.6139328624488
N9,M3,SUGAR SUBSTITUTE (11/05),299.76361187914426
N9,M3,TOILET SOAPS (04/00),192.00071159188528
N9,M3,TOOTH BRUSH   (7/93),6.9557908728048545
N9,M3,TOOTH PASTES,555.2219348057592
N9,M3,VANASPATI CONS PACK (8/94),1123.9416972932693
N9,M3,VERMICELLI & NOODLE,824.1423327524922
N9,M3,WASHING POWDERS/LIQUIDS,6504.899219270997
